sp|P04637|P53_HUMAN	pan_troglodytes|ENSPTRP00000014836|ENSPTRG00000008703|taxon:9598	100.000	393	0	0	1	393	1	393	0.0	813	393	393
sp|P04637|P53_HUMAN	pan_paniscus|ENSPPAP00000011040|ENSPPAG00000028702|taxon:9597	100.000	393	0	0	1	393	1	393	0.0	813	393	393
sp|P04637|P53_HUMAN	pongo_abelii|ENSPPYP00000045316|ENSPPYG00000007934|taxon:9601	97.710	393	9	0	1	393	26	418	0.0	800	393	418
sp|P04637|P53_HUMAN	rhinopithecus_roxellana|ENSRROP00000026843|ENSRROG00000037163|taxon:61622	96.183	393	15	0	1	393	1	393	0.0	785	393	393
sp|P04637|P53_HUMAN	rhinopithecus_bieti|ENSRBIP00000028632|ENSRBIG00000038164|taxon:61621	96.183	393	15	0	1	393	1	393	0.0	785	393	393
sp|P04637|P53_HUMAN	chlorocebus_sabaeus|ENSCSAP00000007551|ENSCSAG00000011345|taxon:60711	95.929	393	16	0	1	393	1	393	0.0	783	393	393
sp|P04637|P53_HUMAN	macaca_mulatta|ENSMMUP00000011334|ENSMMUG00000008639|taxon:9544	95.674	393	17	0	1	393	41	433	0.0	783	393	433
sp|P04637|P53_HUMAN	macaca_fascicularis|ENSMFAP00000038526|ENSMFAG00000038506|taxon:9541	95.674	393	17	0	1	393	1	393	0.0	782	393	393
sp|P04637|P53_HUMAN	papio_anubis|ENSPANP00000019643|ENSPANG00000024061|taxon:9555	95.674	393	17	0	1	393	1	393	0.0	782	393	393
sp|P04637|P53_HUMAN	cebus_imitator|ENSCCAP00000029525|ENSCCAG00000032786|taxon:2715852	90.127	395	37	1	1	393	1	395	0.0	702	393	395
sp|P04637|P53_HUMAN	cercocebus_atys|ENSCATP00000032045|ENSCATG00000039093|taxon:9531	89.801	402	32	1	1	393	1	402	0.0	694	393	402
sp|P04637|P53_HUMAN	mandrillus_leucophaeus|ENSMLEP00000037099|ENSMLEG00000042592|taxon:9568	89.801	402	32	1	1	393	1	402	0.0	693	393	402
sp|P04637|P53_HUMAN	carlito_syrichta|ENSTSYP00000023752|ENSTSYG00000034279|taxon:1868482	88.041	393	42	3	1	393	1	388	0.0	691	393	388
sp|P04637|P53_HUMAN	gorilla_gorilla|ENSGGOP00000030954|ENSGGOG00000009786|taxon:9595	98.476	328	5	0	40	367	1	328	0.0	670	393	403
sp|P04637|P53_HUMAN	marmota_marmota_marmota|ENSMMMP00000022491|ENSMMMG00000019747|taxon:9994	86.768	393	50	1	1	393	2	392	0.0	668	393	392
sp|P04637|P53_HUMAN	ictidomys_tridecemlineatus|ENSSTOP00000019678|ENSSTOG00000022774|taxon:43179	86.514	393	51	1	1	393	1	391	0.0	666	393	391
sp|P04637|P53_HUMAN	callithrix_jacchus|ENSCJAP00000066800|ENSCJAG00000014978|taxon:9483	85.213	399	50	3	1	393	1	396	0.0	665	393	396
sp|P04637|P53_HUMAN	urocitellus_parryii|ENSUPAP00010019485|ENSUPAG00010015398|taxon:9999	86.260	393	52	1	1	393	4	394	0.0	665	393	394
sp|P04637|P53_HUMAN	microcebus_murinus|ENSMICP00000039812|ENSMICG00000014853|taxon:30608	86.005	393	47	3	1	393	1	385	0.0	664	393	385
sp|P04637|P53_HUMAN	propithecus_coquereli|ENSPCOP00000031758|ENSPCOG00000028656|taxon:379532	88.041	393	39	3	1	393	1	385	0.0	662	393	385
sp|P04637|P53_HUMAN	nannospalax_galili|ENSNGAP00000007306|ENSNGAG00000010608|taxon:1026970	84.518	394	57	2	1	393	1	391	0.0	661	393	391
sp|P04637|P53_HUMAN	sciurus_vulgaris|ENSSVLP00005019717|ENSSVLG00005015536|taxon:55149	86.514	393	50	2	1	393	1	390	0.0	660	393	390
sp|P04637|P53_HUMAN	oryctolagus_cuniculus|ENSOCUP00000000989|ENSOCUG00000001138|taxon:9986	85.787	394	52	3	1	393	1	391	0.0	650	393	391
sp|P04637|P53_HUMAN	physeter_catodon|ENSPCTP00005020186|ENSPCTG00005014301|taxon:9755	84.772	394	52	3	1	393	1	387	0.0	647	393	387
sp|P04637|P53_HUMAN	balaenoptera_musculus|ENSBMSP00010020707|ENSBMSG00010015103|taxon:9771	85.279	394	50	3	1	393	1	387	0.0	646	393	387
sp|P04637|P53_HUMAN	otolemur_garnettii|ENSOGAP00000015106|ENSOGAG00000016871|taxon:30611	83.333	396	60	3	1	393	1	393	0.0	641	393	393
sp|P04637|P53_HUMAN	nomascus_leucogenys|ENSNLEP00000011861|ENSNLEG00000009730|taxon:61853	88.804	393	12	2	1	393	1	361	0.0	641	393	361
sp|P04637|P53_HUMAN	monodon_monoceros|ENSMMNP00015021985|ENSMMNG00015016161|taxon:40151	84.772	394	52	3	1	393	1	387	0.0	632	393	387
sp|P04637|P53_HUMAN	phocoena_sinus|ENSPSNP00000013453|ENSPSNG00000009871|taxon:42100	84.518	394	53	3	1	393	1	387	0.0	630	393	387
sp|P04637|P53_HUMAN	tursiops_truncatus|ENSTTRP00000009721|ENSTTRG00000010250|taxon:9739	83.756	394	56	3	1	393	1	387	0.0	624	393	387
sp|P04637|P53_HUMAN	camelus_dromedarius|ENSCDRP00005013165|ENSCDRG00005009237|taxon:9838	82.995	394	53	4	1	393	1	381	0.0	622	393	381
sp|P04637|P53_HUMAN	saimiri_boliviensis_boliviensis|ENSSBOP00000008181|ENSSBOG00000020983|taxon:39432	83.715	393	27	2	1	393	1	356	0.0	621	393	356
sp|P04637|P53_HUMAN	catagonus_wagneri|ENSCWAP00000005800|ENSCWAG00000004451|taxon:51154	83.038	395	56	5	1	393	1	386	0.0	620	393	386
sp|P04637|P53_HUMAN	ursus_americanus|ENSUAMP00000000913|ENSUAMG00000000730|taxon:9643	79.949	394	65	4	1	393	1	381	0.0	613	393	381
sp|P04637|P53_HUMAN	equus_asinus|ENSEASP00005028399|ENSEASG00005019310|taxon:9793	82.487	394	55	4	1	393	1	381	0.0	612	393	381
sp|P04637|P53_HUMAN	delphinapterus_leucas|ENSDLEP00000029611|ENSDLEG00000021163|taxon:9749	80.590	407	54	5	1	393	1	396	0.0	612	393	396
sp|P04637|P53_HUMAN	ursus_maritimus|ENSUMAP00000023207|ENSUMAG00000016933|taxon:29073	79.695	394	66	4	1	393	1	381	0.0	612	393	381
sp|P04637|P53_HUMAN	rhinolophus_ferrumequinum|ENSRFEP00010016808|ENSRFEG00010011010|taxon:59479	80.203	394	63	6	1	393	1	380	0.0	607	393	380
sp|P04637|P53_HUMAN	canis_lupus_familiaris|ENSCAFP00845034138|ENSCAFG00845024647|taxon:9615	80.711	394	62	4	1	393	1	381	0.0	607	393	381
sp|P04637|P53_HUMAN	canis_lupus_dingo|ENSCAFP00020009510|ENSCAFG00020007703|taxon:286419	80.711	394	62	4	1	393	1	381	0.0	607	393	381
sp|P04637|P53_HUMAN	bos_mutus|ENSBMUP00000028863|ENSBMUG00000021612|taxon:72004	80.457	394	68	4	1	393	1	386	0.0	596	393	386
sp|P04637|P53_HUMAN	bos_grunniens|ENSBGRP00000021669|ENSBGRG00000013504|taxon:30521	80.457	394	68	4	1	393	1	386	0.0	596	393	386
sp|P04637|P53_HUMAN	mus_spicilegus|ENSMSIP00000031034|ENSMSIG00000025886|taxon:10103	77.354	393	81	5	1	393	4	388	0.0	595	393	388
sp|P04637|P53_HUMAN	panthera_pardus|ENSPPRP00000022844|ENSPPRG00000013238|taxon:9691	79.949	394	70	4	1	393	1	386	0.0	587	393	386
sp|P04637|P53_HUMAN	panthera_leo|ENSPLOP00000027743|ENSPLOG00000020277|taxon:9689	79.949	394	70	4	1	393	1	386	0.0	587	393	386
sp|P04637|P53_HUMAN	rattus_norvegicus|ENSRNOP00000074031|ENSRNOG00000010756|taxon:10116	75.434	403	77	5	1	393	1	391	0.0	585	393	391
sp|P04637|P53_HUMAN	sus_scrofa|ENSSSCP00000050664|ENSSSCG00000017950|taxon:9823	77.723	404	70	5	1	393	1	395	0.0	583	393	395
sp|P04637|P53_HUMAN	jaculus_jaculus|ENSJJAP00000008090|ENSJJAG00000012331|taxon:51337	78.372	393	64	4	1	393	1	372	0.0	572	393	372
sp|P04637|P53_HUMAN	neovison_vison|ENSNVIP00000005141|ENSNVIG00000004120|taxon:452646	77.411	394	73	4	1	393	1	379	0.0	558	393	379
