{"id": "2587831", "scientific_name": "Terrapene triunguis", "leaf": 1, "tags": {"name": ["Terrapene triunguis"], "merged_taxon_id": ["391347", "1415176"], "synonym": ["Cistudo triunguis", "Terrapene mexicana triunguis"], "authority": ["Cistudo triunguis Agassiz, 1857", "Terrapene mexicana triunguis (Agassiz, 1857)"], "genbank_common_name": ["Three-toed box turtle"], "includes": ["Terrapene carolina triunguis"], "scientific_name": ["Terrapene triunguis"]}, "name": "Terrapene triunguis", "parent": {"name": "Terrapene", "tags": {"name": ["Terrapene"], "scientific_name": ["Terrapene"]}, "leaf": 0, "scientific_name": "Terrapene", "id": "85610"}}