{"id": "34839", "leaf": 1, "name": "Chinchilla lanigera", "parent": {"id": "10151", "tags": {"name": ["Chinchilla"], "scientific_name": ["Chinchilla"]}, "scientific_name": "Chinchilla", "name": "Chinchilla", "leaf": 0}, "tags": {"scientific_name": ["Chinchilla lanigera"], "name": ["Chinchilla lanigera"], "merged_taxon_id": ["37013"], "genbank_common_name": ["long-tailed chinchilla"], "synonym": ["Chinchilla velligera", "Chinchilla villidera"], "includes": ["Mus laniger"], "authority": ["Chinchilla lanigera Bennett, 1829", "Chinchilla velligera Prell, 1934", "Mus laniger Molina, 1782"]}, "scientific_name": "Chinchilla lanigera"}