{"tags": {"name": ["Leptobrachium leishanense"], "authority": ["Leptobrachium leishanense (Liu & Hu, 1973)", "Vibrissaphora leishanensis Liu & Hu, 1973"], "common_name": ["Leishan moustache toad"], "scientific_name": ["Leptobrachium leishanense"], "genbank_common_name": ["Leishan spiny toad"], "synonym": ["Vibrissaphora leishanensis"]}, "id": "445787", "name": "Leptobrachium leishanense", "leaf": 1, "scientific_name": "Leptobrachium leishanense", "parent": {"leaf": 0, "scientific_name": "Leptobrachium", "tags": {"genbank_common_name": ["eastern spadefoot toads"], "scientific_name": ["Leptobrachium"], "merged_taxon_id": ["265039"], "common_name": ["moustache toads", "spiny toads"], "name": ["Leptobrachium"]}, "id": "161697", "name": "Leptobrachium"}}