{"tags": {"genbank_common_name": ["electric eel"], "authority": ["Gymnotus electricus Linnaeus, 1766"], "synonym": ["Gymnotus electricus"], "common_name": ["electric knifefish"], "scientific_name": ["Electrophorus electricus"], "name": ["Electrophorus electricus"]}, "scientific_name": "Electrophorus electricus", "id": "8005", "name": "Electrophorus electricus", "leaf": 1, "parent": {"tags": {"name": ["Electrophorus"], "scientific_name": ["Electrophorus"]}, "scientific_name": "Electrophorus", "id": "8004", "name": "Electrophorus", "leaf": 0}}