{"parent": {"id": "1965096", "scientific_name": "Callithrix", "leaf": 0, "tags": {"scientific_name": ["Callithrix"], "name": ["Callithrix"]}, "name": "Callithrix"}, "name": "Callithrix jacchus", "leaf": 1, "tags": {"scientific_name": ["Callithrix jacchus"], "genbank_common_name": ["white-tufted-ear marmoset"], "authority": ["Simia jacchus Linnaeus, 1758"], "synonym": ["Callithrix jacchus jacchus", "Simia jacchus"], "common_name": ["common marmoset", "white ear-tufted marmoset"], "merged_taxon_id": ["9484"], "name": ["Callithrix jacchus"]}, "id": "9483", "scientific_name": "Callithrix jacchus"}