{"name": "Ictidomys tridecemlineatus", "parent": {"scientific_name": "Ictidomys", "id": "1141640", "tags": {"genbank_common_name": ["lined ground squirrels"], "authority": ["Ictidomys J. A. Allen, 1877"], "scientific_name": ["Ictidomys"], "name": ["Ictidomys"]}, "leaf": 0, "name": "Ictidomys"}, "leaf": 0, "tags": {"synonym": ["Citellus tridecemlineatus", "Spermophilus tridecemlineatus"], "name": ["Ictidomys tridecemlineatus"], "scientific_name": ["Ictidomys tridecemlineatus"], "genbank_common_name": ["thirteen-lined ground squirrel"], "authority": ["Spermophilus tridecemlineatus (Mitchill, 1821)"]}, "id": "43179", "scientific_name": "Ictidomys tridecemlineatus", "children": [{"id": "100392", "scientific_name": "Ictidomys tridecemlineatus arenicola", "leaf": 1, "name": "Ictidomys tridecemlineatus arenicola", "tags": {"scientific_name": ["Ictidomys tridecemlineatus arenicola"], "name": ["Ictidomys tridecemlineatus arenicola"], "synonym": ["Spermophilus tridecemlineatus arenicola"]}}]}