{"id": "9555", "children": [{"tags": {"authority": ["Simia anubis anubis Lesson, 1827"], "synonym": ["Simia anubis anubis"], "scientific_name": ["Papio anubis anubis"], "name": ["Papio anubis anubis"]}, "scientific_name": "Papio anubis anubis", "name": "Papio anubis anubis", "leaf": 1, "id": "211508"}], "leaf": 0, "name": "Papio anubis", "parent": {"leaf": 0, "id": "9554", "scientific_name": "Papio", "tags": {"name": ["Papio"], "scientific_name": ["Papio"], "authority": ["Papio Erxleben, 1777"], "genbank_common_name": ["baboons"]}, "name": "Papio"}, "scientific_name": "Papio anubis", "tags": {"scientific_name": ["Papio anubis"], "common_name": ["baboon", "Doguera baboon", "Kenya baboon"], "name": ["Papio anubis"], "authority": ["Papio anubis (Lesson, 1827)", "Simia anubis Lesson, 1827"], "merged_taxon_id": ["9563"], "genbank_common_name": ["olive baboon"], "synonym": ["Anubis baboon", "Papio cynocephalus anubis", "Papio doguera", "Papio hamadryas anubis", "Papio hamadryas doguera", "Simia anubis"]}}