{"scientific_name": "Paramormyrops kingsleyae", "id": "1676925", "tags": {"synonym": ["Brienomyrus kingsleyae", "Brienomyrus sp. CAB", "Mormyrus kingsleyae", "Pollimyrus kingsleyae"], "authority": ["Mormyrus kingsleyae Guenther, 1896", "Mormyrus kingsleyae Gunther, 1896", "Paramormyrops kingsleyae (Guenther, 1896)"], "name": ["Paramormyrops kingsleyae"], "scientific_name": ["Paramormyrops kingsleyae"], "merged_taxon_id": ["191263"]}, "name": "Paramormyrops kingsleyae", "parent": {"leaf": 0, "scientific_name": "Paramormyrops", "id": "91732", "tags": {"scientific_name": ["Paramormyrops"], "name": ["Paramormyrops"]}, "name": "Paramormyrops"}, "leaf": 1}