{"parent": {"tags": {"scientific_name": ["Ochotona"], "name": ["Ochotona"], "authority": ["Ochotona Link, 1795"]}, "id": "9977", "scientific_name": "Ochotona", "name": "Ochotona", "leaf": 0}, "children": [{"leaf": 1, "tags": {"name": ["Ochotona princeps princeps"], "scientific_name": ["Ochotona princeps princeps"], "synonym": ["Arvicola princeps princeps"], "authority": ["Arvicola princeps princeps Richardson, 1829", "Ochotona princeps princeps (Richardson, 1828)"]}, "scientific_name": "Ochotona princeps princeps", "id": "2219210", "name": "Ochotona princeps princeps"}, {"tags": {"authority": ["Ochotona princeps taylori Grinnell, 1912"], "scientific_name": ["Ochotona princeps taylori"], "name": ["Ochotona princeps taylori"]}, "scientific_name": "Ochotona princeps taylori", "id": "3079485", "name": "Ochotona princeps taylori", "leaf": 1}, {"leaf": 1, "name": "Ochotona princeps saxatilis", "tags": {"authority": ["Ochotona princeps saxatilis Bangs, 1899"], "scientific_name": ["Ochotona princeps saxatilis"], "name": ["Ochotona princeps saxatilis"]}, "id": "2219211", "scientific_name": "Ochotona princeps saxatilis"}], "leaf": 0, "name": "Ochotona princeps", "id": "9978", "scientific_name": "Ochotona princeps", "tags": {"synonym": ["Arvicola princeps"], "authority": ["Arvicola princeps Richardson, 1829", "Ochotona princeps (Richardson, 1828)"], "genbank_common_name": ["American pika"], "name": ["Ochotona princeps"], "common_name": ["southern American pika"], "scientific_name": ["Ochotona princeps"]}}