{"leaf": 0, "children": [{"id": "90388", "leaf": 1, "name": "Macaca nemestrina nemestrina", "tags": {"scientific_name": ["Macaca nemestrina nemestrina"], "name": ["Macaca nemestrina nemestrina"]}, "scientific_name": "Macaca nemestrina nemestrina"}], "id": "9545", "tags": {"name": ["Macaca nemestrina"], "common_name": ["pigtail macaque", "pigtail monkey"], "scientific_name": ["Macaca nemestrina"], "synonym": ["Simia nemestrina"], "genbank_common_name": ["pig-tailed macaque"], "authority": ["Macaca nemestrina (Linnaeus, 1766)", "Simia nemestrina Linnaeus, 1766"]}, "parent": {"scientific_name": "Macaca", "tags": {"common_name": ["macaque"], "name": ["Macaca"], "scientific_name": ["Macaca"], "ensembl_timetree_mya": ["4.5"], "genbank_common_name": ["macaques"]}, "name": "Macaca", "leaf": 0, "id": "9539"}, "scientific_name": "Macaca nemestrina", "name": "Macaca nemestrina"}