{"leaf": 0, "parent": {"name": "Panthera", "id": "9688", "scientific_name": "Panthera", "tags": {"ensembl_timetree_mya": ["6.8"], "synonym": ["Leo", "Uncia"], "merged_taxon_id": ["29063"], "scientific_name": ["Panthera"], "name": ["Panthera"]}, "leaf": 0}, "children": [{"name": "Panthera pardus nimr", "tags": {"name": ["Panthera pardus nimr"], "scientific_name": ["Panthera pardus nimr"], "authority": ["Panthera pardus nimr (Hemprich & Ehrenberg, 1833)"], "genbank_common_name": ["Arabian leopard"]}, "scientific_name": "Panthera pardus nimr", "id": "3135897", "leaf": 1}, {"leaf": 1, "tags": {"scientific_name": ["Panthera pardus japonensis"], "name": ["Panthera pardus japonensis"]}, "id": "348288", "scientific_name": "Panthera pardus japonensis", "name": "Panthera pardus japonensis"}, {"tags": {"name": ["Panthera pardus orientalis"], "scientific_name": ["Panthera pardus orientalis"], "genbank_common_name": ["Amur leopard"]}, "scientific_name": "Panthera pardus orientalis", "id": "9692", "name": "Panthera pardus orientalis", "leaf": 1}, {"name": "Panthera pardus tulliana", "tags": {"synonym": ["Felis tulliana"], "authority": ["Felis tulliana Valenciennes, 1856", "Panthera pardus tulliana (Valenciennes, 1856)"], "genbank_common_name": ["Anatolian leopard"], "name": ["Panthera pardus tulliana"], "scientific_name": ["Panthera pardus tulliana"]}, "scientific_name": "Panthera pardus tulliana", "id": "2876546", "leaf": 1}, {"leaf": 1, "name": "Panthera pardus saxicolor", "tags": {"name": ["Panthera pardus saxicolor"], "scientific_name": ["Panthera pardus saxicolor"], "genbank_common_name": ["northern Persian leopard"]}, "scientific_name": "Panthera pardus saxicolor", "id": "9693"}, {"name": "Panthera pardus kotiya", "tags": {"authority": ["Panthera pardus kotiya Deraniyagala, 1956"], "genbank_common_name": ["Sri Lankan leopard"], "name": ["Panthera pardus kotiya"], "scientific_name": ["Panthera pardus kotiya"]}, "id": "2816903", "scientific_name": "Panthera pardus kotiya", "leaf": 1}, {"tags": {"scientific_name": ["Panthera pardus fusca"], "name": ["Panthera pardus fusca"]}, "scientific_name": "Panthera pardus fusca", "id": "421001", "name": "Panthera pardus fusca", "leaf": 1}, {"tags": {"name": ["Panthera pardus adersi"], "scientific_name": ["Panthera pardus adersi"], "authority": ["Panthera pardus adersi (Pocock, 1932)"], "genbank_common_name": ["Zanzibar leopard"]}, "id": "2991501", "scientific_name": "Panthera pardus adersi", "name": "Panthera pardus adersi", "leaf": 1}, {"scientific_name": "Panthera pardus fontanierii", "id": "2775351", "tags": {"name": ["Panthera pardus fontanierii"], "scientific_name": ["Panthera pardus fontanierii"], "authority": ["Panthera pardus fontanierii Milne-Edwards, 1867"]}, "name": "Panthera pardus fontanierii", "leaf": 1}], "name": "Panthera pardus", "tags": {"name": ["Panthera pardus"], "scientific_name": ["Panthera pardus"], "synonym": ["Leo pardus"], "genbank_common_name": ["leopard"]}, "id": "9691", "scientific_name": "Panthera pardus"}