{"name": "Oncorhynchus kisutch", "parent": {"name": "Oncorhynchus", "scientific_name": "Oncorhynchus", "id": "8016", "tags": {"ensembl_timetree_mya": ["15.1"], "synonym": ["Parasalmo"], "scientific_name": ["Oncorhynchus"], "name": ["Oncorhynchus"]}, "leaf": 0}, "scientific_name": "Oncorhynchus kisutch", "id": "8019", "tags": {"scientific_name": ["Oncorhynchus kisutch"], "genbank_common_name": ["coho salmon"], "authority": ["Oncorhynchus kisutch (Walbaum, 1792)", "Salmo kisatch Walbaum, 1792"], "synonym": ["Oncorhyncus kisutch", "Salmo kisatch"], "name": ["Oncorhynchus kisutch"]}, "leaf": 1}