{"leaf": 1, "scientific_name": "Panthera tigris altaica", "parent": {"leaf": 0, "scientific_name": "Panthera tigris", "tags": {"scientific_name": ["Panthera tigris"], "genbank_common_name": ["tiger"], "synonym": ["Felis tigris"], "name": ["Panthera tigris"], "authority": ["Felis tigris Linnaeus, 1758"]}, "id": "9694", "name": "Panthera tigris"}, "tags": {"scientific_name": ["Panthera tigris altaica"], "genbank_common_name": ["Amur tiger"], "name": ["Panthera tigris altaica"]}, "name": "Panthera tigris altaica", "id": "74533"}