{"children": [{"name": "Carassius auratus auratus", "leaf": 1, "scientific_name": "Carassius auratus auratus", "tags": {"authority": ["Carassius auratus auratus (Linnaeus, 1758)", "Cyprinus auratus auratus Linnaeus, 1758"], "genbank_common_name": ["gold crucian carp"], "synonym": ["Cyprinus auratus auratus"], "scientific_name": ["Carassius auratus auratus"], "name": ["Carassius auratus auratus"]}, "id": "145527"}, {"name": "Carassius auratus indigentiaus", "leaf": 1, "scientific_name": "Carassius auratus indigentiaus", "tags": {"authority": ["Carassius auratus indigentiaus Yang, 2011"], "name": ["Carassius auratus indigentiaus"], "scientific_name": ["Carassius auratus indigentiaus"]}, "id": "2839011"}, {"name": "Carassius auratus red var.", "leaf": 1, "tags": {"name": ["Carassius auratus red var."], "scientific_name": ["Carassius auratus red var."], "genbank_common_name": ["red crucian carp"]}, "scientific_name": "Carassius auratus red var.", "id": "657186"}, {"id": "1752860", "name": "Carassius auratus 'high back crucian carp'", "leaf": 1, "scientific_name": "Carassius auratus 'high back crucian carp'", "tags": {"name": ["Carassius auratus 'high back crucian carp'"], "scientific_name": ["Carassius auratus 'high back crucian carp'"], "equivalent_name": ["Carassius auratus var. high back crucian carp"]}}, {"id": "570898", "name": "Carassius auratus ssp. 2 'kinbuna'", "leaf": 1, "scientific_name": "Carassius auratus ssp. 2 'kinbuna'", "tags": {"name": ["Carassius auratus ssp. 2 'kinbuna'"], "scientific_name": ["Carassius auratus ssp. 2 'kinbuna'"], "equivalent_name": ["Carassius auratus ssp. 2 TK-2008"]}}, {"id": "763460", "leaf": 1, "name": "Carassius auratus ssp. 'Pingxiang'", "tags": {"scientific_name": ["Carassius auratus ssp. 'Pingxiang'"], "name": ["Carassius auratus ssp. 'Pingxiang'"], "synonym": ["Carassius auratus var. Pingxiangnensis"], "genbank_common_name": ["Pingxiang red-transparent crucian carp"]}, "scientific_name": "Carassius auratus ssp. 'Pingxiang'"}, {"id": "145924", "leaf": 1, "name": "Carassius auratus buergeri", "tags": {"authority": ["Carassius burgeri Temminck & Schlegel, 1846"], "synonym": ["Carassius auratus burgeri", "Carassius buergeri", "Carassius burgeri"], "name": ["Carassius auratus buergeri"], "scientific_name": ["Carassius auratus buergeri"]}, "scientific_name": "Carassius auratus buergeri"}, {"name": "Carassius auratus ssp. 'Kinbuna'", "leaf": 1, "scientific_name": "Carassius auratus ssp. 'Kinbuna'", "tags": {"synonym": ["Carassius auratus ssp. KINBUNA"], "name": ["Carassius auratus ssp. 'Kinbuna'"], "scientific_name": ["Carassius auratus ssp. 'Kinbuna'"]}, "id": "1696831"}, {"name": "Carassius auratus grandoculis", "leaf": 1, "tags": {"authority": ["Carassius auratus grandoculis Temminck & Schlegel, 1846", "Carassius grandoculis Temminck & Schlegel, 1846"], "synonym": ["Carassius buergeri grandoculis", "Carassius grandoculis"], "scientific_name": ["Carassius auratus grandoculis"], "name": ["Carassius auratus grandoculis"]}, "scientific_name": "Carassius auratus grandoculis", "id": "145923"}, {"name": "Carassius auratus ssp. 1 MT-2012", "leaf": 1, "scientific_name": "Carassius auratus ssp. 1 MT-2012", "tags": {"name": ["Carassius auratus ssp. 1 MT-2012"], "scientific_name": ["Carassius auratus ssp. 1 MT-2012"]}, "id": "1220728"}, {"name": "Carassius auratus ssp. 'Pengze'", "leaf": 1, "scientific_name": "Carassius auratus ssp. 'Pengze'", "tags": {"synonym": ["Carassius auratus pengze", "Carassius auratus 'Pengze'", "Carassius auratus var pengze"], "genbank_common_name": ["Pengze crucian carp"], "name": ["Carassius auratus ssp. 'Pengze'"], "scientific_name": ["Carassius auratus ssp. 'Pengze'"]}, "id": "564874"}], "id": "7957", "scientific_name": "Carassius auratus", "parent": {"id": "7956", "tags": {"scientific_name": ["Carassius"], "name": ["Carassius"]}, "scientific_name": "Carassius", "name": "Carassius", "leaf": 0}, "tags": {"genbank_common_name": ["goldfish"], "synonym": ["Carassius carassius auratus", "Cyprinus auratus"], "authority": ["Carassius auratus (Linnaeus, 1758)", "Cyprinus auratus Linnaeus, 1758"], "name": ["Carassius auratus"], "scientific_name": ["Carassius auratus"]}, "leaf": 0, "name": "Carassius auratus"}