{"parent": {"scientific_name": "Canis lupus", "leaf": 0, "name": "Canis lupus", "id": "9612", "tags": {"ensembl_timetree_mya": ["NO_WORK"], "common_name": ["grey wolf"], "authority": ["Canis lupus Linnaeus, 1758"], "name": ["Canis lupus"], "genbank_common_name": ["gray wolf"], "scientific_name": ["Canis lupus"]}}, "scientific_name": "Canis lupus dingo", "leaf": 1, "name": "Canis lupus dingo", "id": "286419", "tags": {"authority": ["Canis dingo Meyer, 1793", "Canis familiaris dingo Meyer, 1793", "Canis lupus dingo Meyer, 1793"], "name": ["Canis lupus dingo"], "scientific_name": ["Canis lupus dingo"], "genbank_common_name": ["dingo"], "synonym": ["Canis dingo", "Canis familiaris dingo"]}}