{"scientific_name": "Astatotilapia calliptera", "parent": {"tags": {"name": ["Astatotilapia"], "scientific_name": ["Astatotilapia"]}, "id": "8152", "name": "Astatotilapia", "leaf": 0, "scientific_name": "Astatotilapia"}, "leaf": 1, "id": "8154", "name": "Astatotilapia calliptera", "tags": {"synonym": ["Chromis callipterus", "Ctenochromis callipterus", "Haplochromis calliptera", "Haplochromis callipterus"], "merged_taxon_id": ["8123", "543920"], "scientific_name": ["Astatotilapia calliptera"], "genbank_common_name": ["eastern happy"], "name": ["Astatotilapia calliptera"], "authority": ["Astatotilapia calliptera (Gunther, 1894)", "Chromis callipterus Gunther, 1894"]}}