{"id": "10036", "scientific_name": "Mesocricetus auratus", "name": "Mesocricetus auratus", "leaf": 1, "parent": {"tags": {"scientific_name": ["Mesocricetus"], "name": ["Mesocricetus"]}, "leaf": 0, "name": "Mesocricetus", "scientific_name": "Mesocricetus", "id": "10035"}, "tags": {"name": ["Mesocricetus auratus"], "synonym": ["Cricetus auratus", "Golden hamsters", "Syrian hamsters"], "merged_taxon_id": ["36476", "36495", "36496"], "genbank_common_name": ["golden hamster"], "authority": ["Cricetus auratus Waterhouse, 1839", "Mesocricetus auratus Waterhouse, 1839"], "common_name": ["Syrian golden hamster", "Syrian golden hamsters", "Syrian hamster"], "scientific_name": ["Mesocricetus auratus"]}}