{"scientific_name": "Delphinapterus leucas", "id": "9749", "tags": {"synonym": ["Delphinus leucas"], "name": ["Delphinapterus leucas"], "scientific_name": ["Delphinapterus leucas"], "common_name": ["beluga", "white whale"], "authority": ["Delphinus leucas Pallas, 1776"], "genbank_common_name": ["beluga whale"]}, "name": "Delphinapterus leucas", "leaf": 1, "parent": {"id": "9748", "scientific_name": "Delphinapterus", "name": "Delphinapterus", "leaf": 0, "tags": {"scientific_name": ["Delphinapterus"], "name": ["Delphinapterus"]}}}