{"scientific_name": "Xiphophorus couchianus", "id": "32473", "tags": {"authority": ["Limia couchiana Girard, 1859", "Xiphophorus couchianus (Girard, 1859)"], "genbank_common_name": ["Monterrey platyfish"], "scientific_name": ["Xiphophorus couchianus"], "name": ["Xiphophorus couchianus"], "synonym": ["Limia couchiana"]}, "leaf": 1, "parent": {"leaf": 0, "name": "Xiphophorus", "tags": {"name": ["Xiphophorus"], "ensembl_timetree_mya": ["3.3"], "scientific_name": ["Xiphophorus"]}, "id": "8082", "scientific_name": "Xiphophorus"}, "name": "Xiphophorus couchianus"}