{"name": "Poecilia latipinna", "tags": {"name": ["Poecilia latipinna"], "scientific_name": ["Poecilia latipinna"], "synonym": ["Mollienesia latipinna"], "genbank_common_name": ["sailfin molly"], "authority": ["Mollienesia latipinna Lesueur, 1821", "Poecilia latipinna (Lesueur, 1821)"]}, "parent": {"tags": {"name": ["Poecilia"], "scientific_name": ["Poecilia"], "ensembl_timetree_mya": ["18.2"]}, "scientific_name": "Poecilia", "name": "Poecilia", "leaf": 0, "id": "8080"}, "scientific_name": "Poecilia latipinna", "id": "48699", "leaf": 1}