{"tags": {"merged_taxon_id": ["1737458"], "genbank_common_name": ["Panamanian white-faced capuchin"], "authority": ["Cebus capucinus imitator Thomas, 1903", "Cebus imitator Thomas, 1903"], "scientific_name": ["Cebus imitator"], "name": ["Cebus imitator"], "synonym": ["Cebus capucinus imitator"]}, "name": "Cebus imitator", "parent": {"tags": {"name": ["Cebus"], "genbank_common_name": ["capuchin monkeys"], "scientific_name": ["Cebus"]}, "name": "Cebus", "leaf": 0, "scientific_name": "Cebus", "id": "9513"}, "leaf": 1, "scientific_name": "Cebus imitator", "id": "2715852"}