{"parent": {"leaf": 0, "tags": {"name": ["Scleropages"], "scientific_name": ["Scleropages"]}, "id": "27726", "scientific_name": "Scleropages", "name": "Scleropages"}, "leaf": 1, "name": "Scleropages formosus", "id": "113540", "scientific_name": "Scleropages formosus", "tags": {"scientific_name": ["Scleropages formosus"], "common_name": ["Asian arowana", "golden arowana", "golden dragon fish"], "name": ["Scleropages formosus"], "genbank_common_name": ["Asian bonytongue"], "synonym": ["Osteoglossum formosum"], "authority": ["Osteoglossum formosum Mueller & Schlegel, 1844", "Osteoglossum formosum Muller & Schlegel, 1840", "Scleropages formosus (Mueller & Schlegel, 1844)"]}}