{"parent": {"name": "Equus", "scientific_name": "Equus", "id": "9789", "tags": {"name": ["Equus"], "merged_taxon_id": ["35506", "35507", "35508", "35509", "35510", "475184", "1225530"], "scientific_name": ["Equus"], "synonym": ["Amerhippus", "Asinus", "Dolichohippus", "Equus subg. Amerhippus", "Equus subg. Asinus", "Equus subg. Dolichohippus", "Equus subgen. Sussemionus", "Equus subg. Equus", "Equus subg. Hemionus", "Equus subg. Hippotigris", "Hemionus", "Hippotigris", "Sussemionus"], "ensembl_timetree_mya": ["11.1"]}, "leaf": 0}, "name": "Equus asinus", "tags": {"name": ["Equus asinus"], "merged_taxon_id": ["9797"], "common_name": ["African ass", "African wild ass", "domestic ass", "donkey", "Somali wild ass"], "authority": ["Equus asinus Linnaeus, 1758"], "genbank_common_name": ["ass"], "scientific_name": ["Equus asinus"]}, "children": [{"name": "Equus asinus africanus", "tags": {"scientific_name": ["Equus asinus africanus"], "synonym": ["Equus africanus asinus", "Equus africanus"], "authority": ["Equus asinus africanus Heuglin & Fitzinger, 1866"], "name": ["Equus asinus africanus"]}, "leaf": 1, "scientific_name": "Equus asinus africanus", "id": "582580"}, {"tags": {"name": ["Equus asinus asinus"], "scientific_name": ["Equus asinus asinus"]}, "leaf": 1, "scientific_name": "Equus asinus asinus", "id": "83772", "name": "Equus asinus asinus"}, {"scientific_name": "Equus asinus somalicus", "id": "73336", "tags": {"synonym": ["Equus africanus somalicus", "Equus africanus somaliensis", "Equus asinus somalensis", "Equus asinus somaliensis"], "authority": ["Equus asinus somalicus Sclater, 1885"], "scientific_name": ["Equus asinus somalicus"], "name": ["Equus asinus somalicus"]}, "leaf": 1, "name": "Equus asinus somalicus"}], "leaf": 0, "scientific_name": "Equus asinus", "id": "9793"}