{"parent": {"scientific_name": "Aotus", "tags": {"genbank_common_name": ["night monkeys"], "authority": ["Aotus Illiger, 1811"], "scientific_name": ["Aotus"], "name": ["Aotus"]}, "name": "Aotus", "leaf": 0, "id": "9504"}, "tags": {"synonym": ["Aotus nancymai"], "genbank_common_name": ["Ma's night monkey"], "authority": ["Aotus nancymaae Hershkovitz, 1983"], "name": ["Aotus nancymaae"], "scientific_name": ["Aotus nancymaae"]}, "scientific_name": "Aotus nancymaae", "name": "Aotus nancymaae", "leaf": 1, "id": "37293"}