{"parent": {"name": "Taeniopygia", "leaf": 0, "tags": {"synonym": ["Taenopygia"], "name": ["Taeniopygia"], "scientific_name": ["Taeniopygia"], "merged_taxon_id": ["72051"]}, "id": "59728", "scientific_name": "Taeniopygia"}, "leaf": 1, "name": "Taeniopygia guttata", "tags": {"synonym": ["Poephila guttata", "Taenopygia guttata"], "name": ["Taeniopygia guttata"], "scientific_name": ["Taeniopygia guttata"], "merged_taxon_id": ["40587", "72052"], "genbank_common_name": ["zebra finch"], "authority": ["Taeniopygia guttata (Vieillot, 1817)"]}, "id": "59729", "scientific_name": "Taeniopygia guttata"}