{"scientific_name": "Chrysemys picta bellii", "id": "8478", "tags": {"authority": ["Chrysemys bellii Gray, 1873", "Chrysemys picta bellii (Gray 1831)"], "merged_taxon_id": ["1521318"], "genbank_common_name": ["western painted turtle"], "scientific_name": ["Chrysemys picta bellii"], "name": ["Chrysemys picta bellii"], "synonym": ["Chrysemys bellii", "Chrysemys picta subsp. bellii"]}, "parent": {"leaf": 0, "name": "Chrysemys picta", "tags": {"authority": ["Chrysemys picta (Schneider, 1783)"], "genbank_common_name": ["Painted turtle"], "scientific_name": ["Chrysemys picta"], "name": ["Chrysemys picta"], "synonym": ["Testudo picta", "Trachemys picta"]}, "id": "8479", "scientific_name": "Chrysemys picta"}, "leaf": 1, "name": "Chrysemys picta bellii"}