{"tags": {"scientific_name": ["Cynoglossus semilaevis"], "common_name": ["Chinese tongue sole", "half-smooth tongue sole"], "authority": ["Cynoglossus semilaevis Gunther, 1873"], "genbank_common_name": ["tongue sole"], "synonym": ["Cynoglossus (Arelia) semilaevis"], "name": ["Cynoglossus semilaevis"]}, "name": "Cynoglossus semilaevis", "leaf": 1, "parent": {"id": "106173", "scientific_name": "Cynoglossus", "name": "Cynoglossus", "leaf": 0, "tags": {"scientific_name": ["Cynoglossus"], "name": ["Cynoglossus"]}}, "scientific_name": "Cynoglossus semilaevis", "id": "244447"}