{"parent": {"id": "80992", "tags": {"name": ["Stegastes"], "scientific_name": ["Stegastes"]}, "scientific_name": "Stegastes", "leaf": 0, "name": "Stegastes"}, "scientific_name": "Stegastes partitus", "tags": {"synonym": ["Pomacentrus partitus"], "genbank_common_name": ["bicolor damselfish"], "authority": ["Pomacentrus partitus Poey, 1868", "Stegastes partitus (Poey, 1868)"], "scientific_name": ["Stegastes partitus"], "name": ["Stegastes partitus"]}, "name": "Stegastes partitus", "leaf": 1, "id": "144197"}