{"id": "41447", "leaf": 1, "name": "Seriola dumerili", "scientific_name": "Seriola dumerili", "parent": {"id": "8160", "leaf": 0, "name": "Seriola", "tags": {"scientific_name": ["Seriola"], "name": ["Seriola"], "ensembl_timetree_mya": ["6.0"]}, "scientific_name": "Seriola"}, "tags": {"name": ["Seriola dumerili"], "scientific_name": ["Seriola dumerili"], "authority": ["Caranx dumerili Risso, 1810", "Seriola dumerili (Risso, 1810)"], "genbank_common_name": ["greater amberjack"], "synonym": ["Caranx dumerili"]}}