{"id": "10029", "leaf": 1, "name": "Cricetulus griseus", "scientific_name": "Cricetulus griseus", "parent": {"name": "Cricetulus", "leaf": 0, "scientific_name": "Cricetulus", "tags": {"name": ["Cricetulus"], "scientific_name": ["Cricetulus"]}, "id": "10028"}, "tags": {"common_name": ["Chinese hamsters"], "includes": ["CHO cell lines"], "equivalent_name": ["Cricetulus aureus"], "merged_taxon_id": ["143285"], "synonym": ["Cricetulus barabensis griseus"], "genbank_common_name": ["Chinese hamster"], "authority": ["Cricetulus griseus Milne-Edwards, 1867"], "scientific_name": ["Cricetulus griseus"], "name": ["Cricetulus griseus"]}}