{"parent": {"id": "64143", "leaf": 0, "name": "Anabas", "tags": {"scientific_name": ["Anabas"], "name": ["Anabas"]}, "scientific_name": "Anabas"}, "tags": {"authority": ["Anabas testudineus (Bloch, 1792)", "Anthias testudineus Bloch, 1792"], "synonym": ["Amphiprion testudineus", "Anthias testudineus", "Antias testudineus"], "genbank_common_name": ["climbing perch"], "name": ["Anabas testudineus"], "scientific_name": ["Anabas testudineus"]}, "scientific_name": "Anabas testudineus", "name": "Anabas testudineus", "leaf": 1, "id": "64144"}