{"name": "Notechis scutatus", "scientific_name": "Notechis scutatus", "parent": {"leaf": 0, "id": "8661", "scientific_name": "Notechis", "tags": {"name": ["Notechis"], "scientific_name": ["Notechis"]}, "name": "Notechis"}, "tags": {"common_name": ["common tiger snake"], "scientific_name": ["Notechis scutatus"], "authority": ["Naja scutata Peters, 1861", "Notechis scutatus (Peters, 1861)"], "type_material": ["ZMB 2815"], "synonym": ["Naja scutata"], "name": ["Notechis scutatus"], "merged_taxon_id": ["8662"], "genbank_common_name": ["mainland tiger snake"]}, "id": "8663", "leaf": 0, "children": [{"scientific_name": "Notechis scutatus scutatus", "tags": {"name": ["Notechis scutatus scutatus"], "scientific_name": ["Notechis scutatus scutatus"], "authority": ["Naja scutata scutata Peters, 1861", "Notechis scutatus scutatus (Peters, 1861)"], "type_material": ["ZMB 2815"], "synonym": ["Naja scutata scutata"]}, "name": "Notechis scutatus scutatus", "leaf": 1, "id": "70142"}, {"name": "Notechis scutatus niger", "scientific_name": "Notechis scutatus niger", "tags": {"authority": ["Notechis ater niger Kinghorn 1921", "Notechis scutatus niger Kinghorn, 1921"], "synonym": ["Notechis ater niger"], "name": ["Notechis scutatus niger"], "scientific_name": ["Notechis scutatus niger"]}, "id": "1027870", "leaf": 1}]}