{"parent": {"tags": {"synonym": ["Afromastacembelus", "Caecomastacembelus"], "name": ["Mastacembelus"], "scientific_name": ["Mastacembelus"]}, "scientific_name": "Mastacembelus", "leaf": 0, "name": "Mastacembelus", "id": "94234"}, "tags": {"authority": ["Macrognathus armatus Lacepede, 1800", "Mastacembelus armatus (Lacepede, 1800)"], "genbank_common_name": ["zig-zag eel"], "synonym": ["Macrognathus armatus"], "name": ["Mastacembelus armatus"], "scientific_name": ["Mastacembelus armatus"]}, "scientific_name": "Mastacembelus armatus", "name": "Mastacembelus armatus", "leaf": 1, "id": "205130"}