{"name": "Drosophila melanogaster", "tags": {"merged_taxon_id": ["2267365"], "scientific_name": ["Drosophila melanogaster"], "includes": ["Diptera sp. DNAS-2A9-224646"], "name": ["Drosophila melanogaster"], "genbank_common_name": ["fruit fly"], "authority": ["Drosophila melanogaster Meigen, 1830", "Sophophora melanogaster (Meigen, 1830)"], "synonym": ["Sophophora melanogaster"]}, "id": "7227", "scientific_name": "Drosophila melanogaster", "leaf": 1, "parent": {"name": "melanogaster subgroup", "id": "32351", "scientific_name": "melanogaster subgroup", "tags": {"scientific_name": ["melanogaster subgroup"], "name": ["melanogaster subgroup"]}, "leaf": 0}}