{"children": [{"leaf": 1, "scientific_name": "Oreochromis niloticus niloticus", "tags": {"authority": ["Oreochromis niloticus niloticus (Linnaeus, 1758)", "Perca nilotica nilotica Linnaeus, 1758"], "name": ["Oreochromis niloticus niloticus"], "scientific_name": ["Oreochromis niloticus niloticus"], "synonym": ["Perca nilotica nilotica"]}, "name": "Oreochromis niloticus niloticus", "id": "607699"}, {"leaf": 1, "scientific_name": "Oreochromis niloticus vulcani", "tags": {"scientific_name": ["Oreochromis niloticus vulcani"], "synonym": ["Oreochromis vulcani", "Tilapia vulcani"], "name": ["Oreochromis niloticus vulcani"], "authority": ["Oreochromis niloticus vulcani (Trewavas, 1933)", "Tilapia vulcani Trewavas, 1933"]}, "id": "158785", "name": "Oreochromis niloticus vulcani"}, {"id": "87885", "name": "Oreochromis niloticus baringoensis", "tags": {"scientific_name": ["Oreochromis niloticus baringoensis"], "name": ["Oreochromis niloticus baringoensis"], "authority": ["Oreochromis niloticus baringoensis Trewavas, 1983"]}, "scientific_name": "Oreochromis niloticus baringoensis", "leaf": 1}], "name": "Oreochromis niloticus", "id": "8128", "tags": {"name": ["Oreochromis niloticus"], "authority": ["Oreochromis niloticus (Linnaeus, 1758)", "Perca nilotica Linnaeus, 1758"], "synonym": ["Oreochromis nilotica", "Perca nilotica", "Tilapia nilotica"], "scientific_name": ["Oreochromis niloticus"], "genbank_common_name": ["Nile tilapia"], "merged_taxon_id": ["61227"]}, "parent": {"leaf": 0, "scientific_name": "Oreochromis", "tags": {"synonym": ["Nyasalapia"], "merged_taxon_id": ["160744"], "scientific_name": ["Oreochromis"], "ensembl_timetree_mya": ["14.7"], "name": ["Oreochromis"]}, "id": "8139", "name": "Oreochromis"}, "scientific_name": "Oreochromis niloticus", "leaf": 0}