{"tags": {"scientific_name": ["Aquila chrysaetos chrysaetos"], "name": ["Aquila chrysaetos chrysaetos"], "authority": ["Falco chrysaetos chrysaetos Linnaeus, 1758"], "synonym": ["Falco chrysaetos chrysaetos"]}, "parent": {"leaf": 0, "id": "8962", "tags": {"genbank_common_name": ["golden eagle"], "synonym": ["Falco chrysaetos"], "authority": ["Falco chrysaetos Linnaeus, 1758"], "scientific_name": ["Aquila chrysaetos"], "name": ["Aquila chrysaetos"]}, "scientific_name": "Aquila chrysaetos", "name": "Aquila chrysaetos"}, "scientific_name": "Aquila chrysaetos chrysaetos", "name": "Aquila chrysaetos chrysaetos", "leaf": 1, "id": "223781"}