{"name": "Erinaceus europaeus", "parent": {"name": "Erinaceus", "leaf": 0, "tags": {"name": ["Erinaceus"], "authority": ["Erinaceus Linnaeus, 1758"], "scientific_name": ["Erinaceus"]}, "id": "9364", "scientific_name": "Erinaceus"}, "id": "9365", "scientific_name": "Erinaceus europaeus", "leaf": 1, "tags": {"scientific_name": ["Erinaceus europaeus"], "genbank_common_name": ["western European hedgehog"], "authority": ["Erinaceus europaeus Linnaeus, 1758"], "common_name": ["common hedgehog", "European hedgehog"], "name": ["Erinaceus europaeus"]}}