{"children": [{"id": "347513", "name": "Jaculus jaculus vocator", "leaf": 1, "scientific_name": "Jaculus jaculus vocator", "tags": {"name": ["Jaculus jaculus vocator"], "scientific_name": ["Jaculus jaculus vocator"]}}, {"id": "1567021", "tags": {"scientific_name": ["Jaculus jaculus hirtipes"], "name": ["Jaculus jaculus hirtipes"], "authority": ["Jaculus jaculus hirtipes (Lichtenstein, 1823)"], "synonym": ["Jaculus hirtipes"]}, "scientific_name": "Jaculus jaculus hirtipes", "name": "Jaculus jaculus hirtipes", "leaf": 1}], "id": "51337", "parent": {"leaf": 0, "name": "Jaculus", "scientific_name": "Jaculus", "tags": {"name": ["Jaculus"], "scientific_name": ["Jaculus"]}, "id": "48867"}, "scientific_name": "Jaculus jaculus", "tags": {"authority": ["Mus jaculus Linnaeus, 1758"], "synonym": ["Mus jaculus"], "genbank_common_name": ["lesser Egyptian jerboa"], "name": ["Jaculus jaculus"], "scientific_name": ["Jaculus jaculus"]}, "leaf": 0, "name": "Jaculus jaculus"}