{"tags": {"synonym": ["Aplocheilus javanicus"], "authority": ["Aplocheilus javanicus Bleeker, 1854", "Oryzias javanicus (Bleeker, 1854)"], "genbank_common_name": ["javanese ricefish"], "type_material": ["BMNH:1866.5.2.101", "RMNH:6979"], "name": ["Oryzias javanicus"], "scientific_name": ["Oryzias javanicus"]}, "scientific_name": "Oryzias javanicus", "id": "123683", "name": "Oryzias javanicus", "leaf": 1, "parent": {"tags": {"merged_taxon_id": ["123687"], "scientific_name": ["Oryzias"], "name": ["Oryzias"], "ensembl_timetree_mya": ["60.4"], "synonym": ["Xenopoecilus"]}, "scientific_name": "Oryzias", "id": "8089", "name": "Oryzias", "leaf": 0}}