{"name": "Loxodonta africana", "parent": {"id": "9784", "leaf": 0, "name": "Loxodonta", "scientific_name": "Loxodonta", "tags": {"common_name": ["African Elephant", "African elephants"], "name": ["Loxodonta"], "scientific_name": ["Loxodonta"]}}, "tags": {"genbank_common_name": ["African savanna elephant"], "merged_taxon_id": ["99489"], "name": ["Loxodonta africana"], "synonym": ["Elephas africanus", "Loxodonta africana africana"], "in-part": ["elephant"], "authority": ["Elephas africanus Blumenbach, 1797"], "scientific_name": ["Loxodonta africana"], "common_name": ["African bush elephant", "African savannah elephant"]}, "scientific_name": "Loxodonta africana", "id": "9785", "children": [{"id": "691503", "leaf": 1, "name": "Loxodonta africana knochenhaueri", "tags": {"scientific_name": ["Loxodonta africana knochenhaueri"], "name": ["Loxodonta africana knochenhaueri"]}, "scientific_name": "Loxodonta africana knochenhaueri"}], "leaf": 0}