{"name": "Poecilia reticulata", "parent": {"name": "Poecilia", "leaf": 0, "tags": {"name": ["Poecilia"], "scientific_name": ["Poecilia"], "ensembl_timetree_mya": ["18.2"]}, "id": "8080", "scientific_name": "Poecilia"}, "scientific_name": "Poecilia reticulata", "id": "8081", "tags": {"authority": ["Poecilia reticulata Peters, 1859"], "synonym": ["Acanthophacelus reticulata", "Poecilia (Acanthophacelus) reticulata", "Poecilia latipinna reticulata"], "scientific_name": ["Poecilia reticulata"], "genbank_common_name": ["guppy"], "merged_taxon_id": ["1311483"], "name": ["Poecilia reticulata"]}, "leaf": 1}