{"leaf": 0, "name": "Oncorhynchus mykiss", "scientific_name": "Oncorhynchus mykiss", "parent": {"tags": {"scientific_name": ["Oncorhynchus"], "name": ["Oncorhynchus"], "synonym": ["Parasalmo"], "ensembl_timetree_mya": ["15.1"]}, "scientific_name": "Oncorhynchus", "leaf": 0, "name": "Oncorhynchus", "id": "8016"}, "tags": {"merged_taxon_id": ["1311475"], "name": ["Oncorhynchus mykiss"], "scientific_name": ["Oncorhynchus mykiss"], "authority": ["Oncorhynchus mykiss (Walbaum, 1792)", "Salmo mykiss Walbaum, 1792"], "genbank_common_name": ["rainbow trout"], "synonym": ["Oncorhynchus nerka mykiss", "Parasalmo mykiss", "Salmo mykiss"]}, "id": "8022", "children": [{"id": "857569", "leaf": 1, "name": "Oncorhynchus mykiss irideus", "scientific_name": "Oncorhynchus mykiss irideus", "tags": {"authority": ["Oncorhynchus mykiss irideus (Gibbons, 1855)", "Salmo iridea Gibbons, 1855"], "synonym": ["Salmo iridea", "Salmo irideus"], "scientific_name": ["Oncorhynchus mykiss irideus"], "name": ["Oncorhynchus mykiss irideus"]}}, {"id": "3120872", "name": "Oncorhynchus mykiss aquilarum", "leaf": 1, "scientific_name": "Oncorhynchus mykiss aquilarum", "tags": {"authority": ["Oncorhynchus mykiss aquilarum (Snyder, 1917)"], "scientific_name": ["Oncorhynchus mykiss aquilarum"], "name": ["Oncorhynchus mykiss aquilarum"]}}, {"scientific_name": "Oncorhynchus mykiss nelsoni", "tags": {"scientific_name": ["Oncorhynchus mykiss nelsoni"], "name": ["Oncorhynchus mykiss nelsoni"], "common_name": ["San Pedro Martir trout"], "authority": ["Oncorhynchus mykiss nelsoni (Evermann, 1908)", "Salmo nelsoni Evermann, 1908"], "genbank_common_name": ["Baja California rainbow trout"], "synonym": ["Salmo nelsoni"]}, "leaf": 1, "name": "Oncorhynchus mykiss nelsoni", "id": "3030642"}, {"leaf": 1, "name": "Oncorhynchus mykiss gairdneri", "scientific_name": "Oncorhynchus mykiss gairdneri", "tags": {"scientific_name": ["Oncorhynchus mykiss gairdneri"], "name": ["Oncorhynchus mykiss gairdneri"], "synonym": ["Oncorhynchus mykiss gairdnerii", "Parasalmo gairdneri", "Salmo gairdnerii", "Salmo gairdneri"], "authority": ["Oncorhynchus mykiss gairdneri (Richardson, 1836)", "Salmo gairdnerii Richardson, 1836"]}, "id": "857570"}, {"scientific_name": "Oncorhynchus mykiss newberrii", "tags": {"scientific_name": ["Oncorhynchus mykiss newberrii"], "name": ["Oncorhynchus mykiss newberrii"], "genbank_common_name": ["Great Basin redband trout"]}, "name": "Oncorhynchus mykiss newberrii", "leaf": 1, "id": "2978582"}, {"id": "857568", "name": "Oncorhynchus mykiss aguabonita", "leaf": 1, "tags": {"genbank_common_name": ["golden trout"], "synonym": ["Oncorhynchus aguabonita", "Oncorhynchus mykiss aquabonita", "Salmo aguabonita", "Salmo mykiss aguabonita"], "authority": ["Oncorhynchus mykiss aguabonita (Jordan, 1892)", "Salmo mykiss aguabonita Jordan, 1892"], "scientific_name": ["Oncorhynchus mykiss aguabonita"], "name": ["Oncorhynchus mykiss aguabonita"]}, "scientific_name": "Oncorhynchus mykiss aguabonita"}]}