{"name": "Fundulus heteroclitus", "parent": {"name": "Fundulus", "scientific_name": "Fundulus", "id": "8077", "tags": {"scientific_name": ["Fundulus"], "name": ["Fundulus"]}, "leaf": 0}, "scientific_name": "Fundulus heteroclitus", "id": "8078", "tags": {"name": ["Fundulus heteroclitus"], "scientific_name": ["Fundulus heteroclitus"], "genbank_common_name": ["mummichog"], "authority": ["Cobitis heteroclita Linnaeus, 1766", "Fundulus heteroclitus (Linnaeus, 1766)"], "synonym": ["Cobitis heteroclita"], "common_name": ["Atlantic killifish", "killifish"]}, "children": [{"scientific_name": "Fundulus heteroclitus heteroclitus", "id": "571281", "tags": {"scientific_name": ["Fundulus heteroclitus heteroclitus"], "authority": ["Cobitis heteroclita heteroclita Linnaeus, 1766", "Fundulus heteroclitus heteroclitus (Linnaeus, 1766)"], "synonym": ["Cobitis heteroclita heteroclita"], "name": ["Fundulus heteroclitus heteroclitus"]}, "leaf": 1, "name": "Fundulus heteroclitus heteroclitus"}, {"name": "Fundulus heteroclitus macrolepidotus", "scientific_name": "Fundulus heteroclitus macrolepidotus", "id": "351661", "tags": {"name": ["Fundulus heteroclitus macrolepidotus"], "scientific_name": ["Fundulus heteroclitus macrolepidotus"], "authority": ["Fundulus heteroclitus macrolepidotus (Walbaum, 1792)"]}, "leaf": 1}], "leaf": 0}