{"name": "Gopherus evgoodei", "id": "1825980", "tags": {"genbank_common_name": ["Goodes thornscrub tortoise"], "scientific_name": ["Gopherus evgoodei"], "type_material": ["AMNH R64160"], "authority": ["Gopherus evgoodei Edwards, Karl, Vaughn, Rosen, Melendez-Torres & Murphy, 2016", "Gopherus evgoodei Edwards, Karl, Vaughn, Rosen, Melndez Torres & Murphy 2016"], "name": ["Gopherus evgoodei"]}, "scientific_name": "Gopherus evgoodei", "parent": {"leaf": 0, "scientific_name": "Gopherus", "tags": {"name": ["Gopherus"], "ensembl_timetree_mya": ["NO_WORK"], "scientific_name": ["Gopherus"]}, "id": "38771", "name": "Gopherus"}, "leaf": 1}