{"parent": {"id": "392815", "leaf": 0, "name": "Chlorocebus", "scientific_name": "Chlorocebus", "tags": {"name": ["Chlorocebus"], "scientific_name": ["Chlorocebus"]}}, "tags": {"name": ["Chlorocebus sabaeus"], "scientific_name": ["Chlorocebus sabaeus"], "merged_taxon_id": ["37765"], "synonym": ["Cercopithecus aethiops sabaeus", "Cercopithecus sabaeus", "Cercopithecus sabeus", "Chlorocebus aethiops sabaeus", "Chlorocebus aethiops sabeus", "Chlorocebus sabeus", "Simia sabaea"], "genbank_common_name": ["green monkey"], "authority": ["Chlorocebus sabaeus (Linnaeus, 1776)", "Simia sabaea Linnaeus, 1766"]}, "scientific_name": "Chlorocebus sabaeus", "leaf": 1, "name": "Chlorocebus sabaeus", "id": "60711"}