{"name": "Macaca mulatta", "leaf": 0, "parent": {"id": "9539", "name": "Macaca", "leaf": 0, "scientific_name": "Macaca", "tags": {"scientific_name": ["Macaca"], "name": ["Macaca"], "genbank_common_name": ["macaques"], "common_name": ["macaque"], "ensembl_timetree_mya": ["4.5"]}}, "tags": {"merged_taxon_id": ["36502"], "scientific_name": ["Macaca mulatta"], "name": ["Macaca mulatta"], "common_name": ["rhesus macaque", "rhesus macaques", "rhesus monkeys"], "authority": ["Cercopithecus mulatta Zimmermann, 1780", "Macaca mulatta (Zimmermann, 1780)"], "genbank_common_name": ["Rhesus monkey"], "synonym": ["Cercopithecus mulatta"]}, "scientific_name": "Macaca mulatta", "children": [{"leaf": 1, "name": "Macaca mulatta brevicaudus", "scientific_name": "Macaca mulatta brevicaudus", "tags": {"authority": ["Macaca mulatta brevicaudatus (Elliot, 1913)"], "synonym": ["Macaca mulatta brevicaudatus"], "name": ["Macaca mulatta brevicaudus"], "scientific_name": ["Macaca mulatta brevicaudus"]}, "id": "1654737"}, {"leaf": 1, "name": "Macaca mulatta vestita", "tags": {"scientific_name": ["Macaca mulatta vestita"], "name": ["Macaca mulatta vestita"], "authority": ["Macaca mulatta vestita (Milne-Edwards, 1892)"]}, "scientific_name": "Macaca mulatta vestita", "id": "2008792"}, {"tags": {"authority": ["Macaca mulatta lasiotus (Gray, 1868)"], "synonym": ["Macaca mulatta lasiota"], "name": ["Macaca mulatta lasiotus"], "scientific_name": ["Macaca mulatta lasiotus"]}, "scientific_name": "Macaca mulatta lasiotus", "leaf": 1, "name": "Macaca mulatta lasiotus", "id": "1449913"}], "id": "9544"}