{"id": "2489341", "parent": {"tags": {"name": ["Strigops"], "scientific_name": ["Strigops"]}, "scientific_name": "Strigops", "name": "Strigops", "leaf": 0, "id": "35547"}, "tags": {"synonym": ["Strigops habroptilis", "Strigops habroptilus"], "genbank_common_name": ["Kakapo"], "common_name": ["owl parrot"], "authority": ["Strigops habroptila Gray, 1845", "Strigops habroptila Gray, GR, 1845"], "scientific_name": ["Strigops habroptila"], "name": ["Strigops habroptila"], "merged_taxon_id": ["35548", "57251"]}, "scientific_name": "Strigops habroptila", "name": "Strigops habroptila", "leaf": 1}