{"leaf": 0, "children": [{"scientific_name": "Tursiops truncatus truncatus", "id": "2663531", "tags": {"authority": ["Tursiops truncatus truncatus Gervais, 1855"], "name": ["Tursiops truncatus truncatus"], "scientific_name": ["Tursiops truncatus truncatus"]}, "name": "Tursiops truncatus truncatus", "leaf": 1}, {"leaf": 1, "tags": {"scientific_name": ["Tursiops truncatus gephyreus"], "name": ["Tursiops truncatus gephyreus"], "authority": ["Tursiops gephyreus Lahille, 1908"], "synonym": ["Tursiops gephyreus"]}, "scientific_name": "Tursiops truncatus gephyreus", "id": "152705", "name": "Tursiops truncatus gephyreus"}, {"leaf": 1, "name": "Tursiops truncatus ponticus", "tags": {"name": ["Tursiops truncatus ponticus"], "scientific_name": ["Tursiops truncatus ponticus"], "authority": ["Tursiops truncatus ponticus Barabash-Nikiforov, 1940"]}, "id": "1961080", "scientific_name": "Tursiops truncatus ponticus"}], "parent": {"scientific_name": "Tursiops", "id": "9738", "tags": {"scientific_name": ["Tursiops"], "name": ["Tursiops"]}, "name": "Tursiops", "leaf": 0}, "tags": {"synonym": ["Delphinus cymodoce", "Delphinus truncatus", "Tursiops cymodoce"], "authority": ["Delphinus cymodoce Gray, 1846", "Delphinus truncatus Montagu, 1821", "Tursiops cymodoce (Gray, 1846)", "Tursiops truncatus Gervais, 1855"], "scientific_name": ["Tursiops truncatus"], "genbank_common_name": ["common bottlenose dolphin"], "type_material": ["NHMUK 355a [[Delphinus cymodoce]]", "NHMUK-355a [[Delphinus cymodoce]]", "NHMUK:355a [[Delphinus cymodoce]]", "NHMUK355a [[Delphinus cymodoce]]"], "name": ["Tursiops truncatus"], "common_name": ["Atlantic bottlenose dolphin", "bottle-nosed dolphin"], "merged_taxon_id": ["3108173"]}, "id": "9739", "scientific_name": "Tursiops truncatus", "name": "Tursiops truncatus"}