{"parent": {"name": "Sciurus", "tags": {"name": ["Sciurus"], "scientific_name": ["Sciurus"]}, "scientific_name": "Sciurus", "id": "10001", "leaf": 0}, "children": [{"leaf": 1, "id": "1357419", "scientific_name": "Sciurus vulgaris fuscoater", "tags": {"authority": ["Sciurus vulgaris fuscoater Altum, 1876"], "scientific_name": ["Sciurus vulgaris fuscoater"], "name": ["Sciurus vulgaris fuscoater"]}, "name": "Sciurus vulgaris fuscoater"}, {"id": "371400", "scientific_name": "Sciurus vulgaris orientis", "tags": {"authority": ["Sciurus vulgaris orientis Thomas, 1906"], "scientific_name": ["Sciurus vulgaris orientis"], "name": ["Sciurus vulgaris orientis"]}, "name": "Sciurus vulgaris orientis", "leaf": 1}, {"name": "Sciurus vulgaris mantchuricus", "tags": {"authority": ["Sciurus vulgaris mantchuricus Thomas, 1909"], "synonym": ["Sciurus vulgaris coreae", "Sciurus vulgaris coreanus", "Sciurus vulgaris koreae"], "name": ["Sciurus vulgaris mantchuricus"], "scientific_name": ["Sciurus vulgaris mantchuricus"]}, "id": "1612438", "scientific_name": "Sciurus vulgaris mantchuricus", "leaf": 1}], "leaf": 0, "id": "55149", "scientific_name": "Sciurus vulgaris", "tags": {"common_name": ["red squirrel"], "scientific_name": ["Sciurus vulgaris"], "name": ["Sciurus vulgaris"], "genbank_common_name": ["Eurasian red squirrel"], "authority": ["Sciurus vulgaris Linnaeus, 1758"]}, "name": "Sciurus vulgaris"}