{"tags": {"common_name": ["white bear"], "scientific_name": ["Ursus maritimus"], "genbank_common_name": ["polar bear"], "authority": ["Ursus maritimus Phipps, 1774"], "synonym": ["Thalarctos maritimus"], "name": ["Ursus maritimus"]}, "parent": {"name": "Ursus", "leaf": 0, "tags": {"merged_taxon_id": ["29068"], "scientific_name": ["Ursus"], "ensembl_timetree_mya": ["4.9"], "includes": ["Euarctos"], "name": ["Ursus"]}, "id": "9639", "scientific_name": "Ursus"}, "leaf": 1, "name": "Ursus maritimus", "scientific_name": "Ursus maritimus", "id": "29073"}