{"scientific_name": "Takifugu rubripes", "id": "31033", "tags": {"authority": ["Takifugu rubripes (Temminck & Schlegel, 1850)"], "synonym": ["Fugu rubripes", "Sphaeroides rubripes", "Tetraodon rubripes"], "common_name": ["tiger puffer"], "scientific_name": ["Takifugu rubripes"], "genbank_common_name": ["torafugu"], "name": ["Takifugu rubripes"]}, "leaf": 0, "children": [{"name": "Takifugu rubripes rubripes", "scientific_name": "Takifugu rubripes rubripes", "id": "47663", "tags": {"scientific_name": ["Takifugu rubripes rubripes"], "synonym": ["Fugu rubripes rubripes"], "name": ["Takifugu rubripes rubripes"]}, "leaf": 1}], "name": "Takifugu rubripes", "parent": {"leaf": 0, "tags": {"synonym": ["Fugu"], "scientific_name": ["Takifugu"], "name": ["Takifugu"]}, "id": "31032", "scientific_name": "Takifugu", "name": "Takifugu"}}