{"name": "Pelodiscus sinensis", "id": "13735", "children": [{"name": "Pelodiscus sinensis japonicus", "id": "34908", "tags": {"authority": ["Amyda japonica Stejneger, 1907"], "name": ["Pelodiscus sinensis japonicus"], "scientific_name": ["Pelodiscus sinensis japonicus"], "synonym": ["Amyda japonica", "Torionyx sinensis japonicus"]}, "scientific_name": "Pelodiscus sinensis japonicus", "leaf": 1}], "tags": {"type_material": ["ZMB 38"], "synonym": ["Trionyx sinensis"], "genbank_common_name": ["Chinese soft-shelled turtle"], "scientific_name": ["Pelodiscus sinensis"], "common_name": ["Chinese softshell turtle"], "name": ["Pelodiscus sinensis"], "authority": ["Pelodiscus sinensis Wiegmann, 1835", "Pelodiscus sinensis (Wiegmann, 1835) Cox et al. 1998", "Trionyx sinensis Wiegmann, 1835"]}, "scientific_name": "Pelodiscus sinensis", "parent": {"name": "Pelodiscus", "id": "204969", "tags": {"name": ["Pelodiscus"], "scientific_name": ["Pelodiscus"]}, "scientific_name": "Pelodiscus", "leaf": 0}, "leaf": 0}