{"leaf": 0, "parent": {"tags": {"merged_taxon_id": ["74657"], "scientific_name": ["Podarcis"], "name": ["Podarcis"]}, "leaf": 0, "name": "Podarcis", "scientific_name": "Podarcis", "id": "42163"}, "name": "Podarcis muralis", "tags": {"name": ["Podarcis muralis"], "synonym": ["Lacerrta muralis", "Seps muralis"], "genbank_common_name": ["Common wall lizard"], "authority": ["Lacerrta muralis Dumeril & Bibron, 1893", "Podarcis muralis (Dumeril & Bibron, 1839)", "Seps muralis Laurenti, 1768"], "common_name": ["Mauereidechse"], "scientific_name": ["Podarcis muralis"]}, "id": "64176", "children": [{"id": "1534827", "scientific_name": "Podarcis muralis nigriventris", "name": "Podarcis muralis nigriventris", "leaf": 1, "tags": {"name": ["Podarcis muralis nigriventris"], "scientific_name": ["Podarcis muralis nigriventris"], "authority": ["Podarcis muralis nigriventris Bonaparte, 1838"]}}, {"tags": {"authority": ["Lacerta muralis var. fusca maculiventris Werner, 1891"], "scientific_name": ["Podarcis muralis maculiventris"], "name": ["Podarcis muralis maculiventris"], "synonym": ["Lacerta muralis var. fusca maculiventris"]}, "name": "Podarcis muralis maculiventris", "leaf": 1, "scientific_name": "Podarcis muralis maculiventris", "id": "327161"}, {"scientific_name": "Podarcis muralis nigriventris x Podarcis muralis maculiventris", "id": "2563711", "tags": {"name": ["Podarcis muralis nigriventris x Podarcis muralis maculiventris"], "synonym": ["Podarcis muralis nigriventris x maculiventris"], "scientific_name": ["Podarcis muralis nigriventris x Podarcis muralis maculiventris"]}, "leaf": 1, "name": "Podarcis muralis nigriventris x Podarcis muralis maculiventris"}], "scientific_name": "Podarcis muralis"}