{"parent": {"tags": {"scientific_name": ["Panthera"], "merged_taxon_id": ["29063"], "synonym": ["Leo", "Uncia"], "name": ["Panthera"], "ensembl_timetree_mya": ["6.8"]}, "id": "9688", "name": "Panthera", "leaf": 0, "scientific_name": "Panthera"}, "scientific_name": "Panthera leo", "leaf": 0, "children": [{"leaf": 1, "scientific_name": "Panthera leo persica", "tags": {"synonym": ["Felis persica"], "scientific_name": ["Panthera leo persica"], "genbank_common_name": ["Asiatic lion"], "name": ["Panthera leo persica"], "authority": ["Felis persica Meyer, 1826"]}, "id": "83386", "name": "Panthera leo persica"}, {"scientific_name": "Panthera leo leo", "leaf": 1, "name": "Panthera leo leo", "id": "1446311", "tags": {"synonym": ["Felis leo leo"], "scientific_name": ["Panthera leo leo"], "name": ["Panthera leo leo"], "authority": ["Felis leo leo Linnaeus, 1758"]}}, {"name": "Panthera leo atrox", "id": "402889", "tags": {"name": ["Panthera leo atrox"], "common_name": ["American lion"], "scientific_name": ["Panthera leo atrox"], "genbank_common_name": ["American cave lion"]}, "scientific_name": "Panthera leo atrox", "leaf": 1}, {"leaf": 1, "scientific_name": "Panthera leo bleyenberghi", "tags": {"name": ["Panthera leo bleyenberghi"], "scientific_name": ["Panthera leo bleyenberghi"], "genbank_common_name": ["Katanga lion"]}, "id": "472295", "name": "Panthera leo bleyenberghi"}, {"leaf": 1, "scientific_name": "Panthera leo persica x Panthera leo leo", "tags": {"name": ["Panthera leo persica x Panthera leo leo"], "scientific_name": ["Panthera leo persica x Panthera leo leo"]}, "name": "Panthera leo persica x Panthera leo leo", "id": "235557"}, {"scientific_name": "Panthera leo krugeri", "leaf": 1, "name": "Panthera leo krugeri", "id": "637857", "tags": {"name": ["Panthera leo krugeri"], "scientific_name": ["Panthera leo krugeri"]}}, {"scientific_name": "Panthera leo melanochaita", "leaf": 1, "name": "Panthera leo melanochaita", "id": "3113013", "tags": {"name": ["Panthera leo melanochaita"], "authority": ["Panthera leo melanochaita (Smith, 1842)"], "scientific_name": ["Panthera leo melanochaita"]}}], "id": "9689", "name": "Panthera leo", "tags": {"name": ["Panthera leo"], "authority": ["Felis leo Linnaeus, 1758"], "genbank_common_name": ["lion"], "scientific_name": ["Panthera leo"], "synonym": ["Felis leo", "Leo leo"]}}