{"name": "Ursus americanus", "parent": {"id": "9639", "leaf": 0, "name": "Ursus", "scientific_name": "Ursus", "tags": {"scientific_name": ["Ursus"], "name": ["Ursus"], "ensembl_timetree_mya": ["4.9"], "includes": ["Euarctos"], "merged_taxon_id": ["29068"]}}, "scientific_name": "Ursus americanus", "tags": {"name": ["Ursus americanus"], "scientific_name": ["Ursus americanus"], "synonym": ["Euarctos americanus"], "genbank_common_name": ["American black bear"], "merged_taxon_id": ["29069"], "authority": ["Ursus americanus Pallas, 1780"]}, "id": "9643", "children": [{"leaf": 1, "id": "62693", "tags": {"name": ["Ursus americanus carlottae"], "scientific_name": ["Ursus americanus carlottae"]}, "scientific_name": "Ursus americanus carlottae", "name": "Ursus americanus carlottae"}, {"name": "Ursus americanus kermodei", "tags": {"name": ["Ursus americanus kermodei"], "scientific_name": ["Ursus americanus kermodei"]}, "scientific_name": "Ursus americanus kermodei", "id": "62971", "leaf": 1}, {"id": "62972", "leaf": 1, "name": "Ursus americanus vancouveri", "tags": {"name": ["Ursus americanus vancouveri"], "scientific_name": ["Ursus americanus vancouveri"]}, "scientific_name": "Ursus americanus vancouveri"}, {"leaf": 1, "id": "62692", "scientific_name": "Ursus americanus americanus", "tags": {"name": ["Ursus americanus americanus"], "scientific_name": ["Ursus americanus americanus"]}, "name": "Ursus americanus americanus"}, {"tags": {"scientific_name": ["Ursus americanus altifrontalis"], "name": ["Ursus americanus altifrontalis"]}, "scientific_name": "Ursus americanus altifrontalis", "name": "Ursus americanus altifrontalis", "leaf": 1, "id": "62691"}, {"leaf": 1, "id": "62694", "scientific_name": "Ursus americanus cinnamomum", "tags": {"scientific_name": ["Ursus americanus cinnamomum"], "name": ["Ursus americanus cinnamomum"]}, "name": "Ursus americanus cinnamomum"}], "leaf": 0}