{"id": "9771", "children": [{"scientific_name": "Balaenoptera musculus brevicauda", "tags": {"name": ["Balaenoptera musculus brevicauda"], "scientific_name": ["Balaenoptera musculus brevicauda"], "authority": ["Balaenoptera musculus brevicauda Ichihara, 1966"], "genbank_common_name": ["pygmy blue whale"]}, "name": "Balaenoptera musculus brevicauda", "leaf": 1, "id": "3108004"}, {"id": "2941322", "leaf": 1, "name": "Balaenoptera musculus musculus", "scientific_name": "Balaenoptera musculus musculus", "tags": {"authority": ["Balaena musculus musculus Linnaeus, 1758", "Balaenoptera musculus musculus (Linnaeus, 1758)"], "synonym": ["Balaena musculus musculus"], "name": ["Balaenoptera musculus musculus"], "scientific_name": ["Balaenoptera musculus musculus"]}}], "leaf": 0, "name": "Balaenoptera musculus", "scientific_name": "Balaenoptera musculus", "parent": {"scientific_name": "Balaenoptera", "tags": {"name": ["Balaenoptera"], "scientific_name": ["Balaenoptera"], "authority": ["Balaenoptera Lacepede, 1804"]}, "name": "Balaenoptera", "leaf": 0, "id": "9766"}, "tags": {"synonym": ["Balaena musculus"], "genbank_common_name": ["blue whale"], "authority": ["Balaena musculus Linnaeus, 1758", "Balaenoptera musculus (Linnaeus, 1758)"], "scientific_name": ["Balaenoptera musculus"], "name": ["Balaenoptera musculus"]}}