{"parent": {"scientific_name": "Marmota marmota", "tags": {"name": ["Marmota marmota"], "scientific_name": ["Marmota marmota"], "synonym": ["Mus marmota"], "genbank_common_name": ["European marmot"], "authority": ["Mus marmota Linnaeus, 1758"]}, "name": "Marmota marmota", "leaf": 0, "id": "9993"}, "tags": {"scientific_name": ["Marmota marmota marmota"], "name": ["Marmota marmota marmota"], "genbank_common_name": ["Alpine marmot"]}, "scientific_name": "Marmota marmota marmota", "leaf": 1, "name": "Marmota marmota marmota", "id": "9994"}