{"id": "30611", "children": [{"tags": {"name": ["Otolemur garnettii garnettii"], "scientific_name": ["Otolemur garnettii garnettii"]}, "scientific_name": "Otolemur garnettii garnettii", "name": "Otolemur garnettii garnettii", "leaf": 1, "id": "477174"}], "leaf": 0, "name": "Otolemur garnettii", "parent": {"leaf": 0, "id": "30610", "tags": {"name": ["Otolemur"], "scientific_name": ["Otolemur"], "genbank_common_name": ["greater bushbabies"]}, "scientific_name": "Otolemur", "name": "Otolemur"}, "tags": {"name": ["Otolemur garnettii"], "scientific_name": ["Otolemur garnettii"], "genbank_common_name": ["small-eared galago"], "synonym": ["Galago garnettii", "Galago garnetti"], "authority": ["Otolemur garnettii (Ogilby, 1838)"]}, "scientific_name": "Otolemur garnettii"}