{"name": "Equus caballus", "scientific_name": "Equus caballus", "parent": {"scientific_name": "Equus", "tags": {"scientific_name": ["Equus"], "name": ["Equus"], "merged_taxon_id": ["35506", "35507", "35508", "35509", "35510", "475184", "1225530"], "ensembl_timetree_mya": ["11.1"], "synonym": ["Amerhippus", "Asinus", "Dolichohippus", "Equus subg. Amerhippus", "Equus subg. Asinus", "Equus subg. Dolichohippus", "Equus subgen. Sussemionus", "Equus subg. Equus", "Equus subg. Hemionus", "Equus subg. Hippotigris", "Hemionus", "Hippotigris", "Sussemionus"]}, "name": "Equus", "leaf": 0, "id": "9789"}, "tags": {"name": ["Equus caballus"], "common_name": ["domestic horse", "equine"], "scientific_name": ["Equus caballus"], "synonym": ["Equus przewalskii f. caballus", "Equus przewalskii forma caballus"], "genbank_common_name": ["horse"], "authority": ["Equus caballus Linnaeus, 1758"]}, "id": "9796", "leaf": 1}