{"scientific_name": "Ornithorhynchus anatinus", "parent": {"tags": {"name": ["Ornithorhynchus"], "scientific_name": ["Ornithorhynchus"]}, "id": "9257", "name": "Ornithorhynchus", "leaf": 0, "scientific_name": "Ornithorhynchus"}, "leaf": 1, "name": "Ornithorhynchus anatinus", "id": "9258", "tags": {"common_name": ["duck-billed platypus", "duckbill platypus"], "authority": ["Ornithorhynchus anatinus (Shaw, 1799)", "Platypus anatinus Shaw, 1799"], "name": ["Ornithorhynchus anatinus"], "synonym": ["Platypus anatinus"], "scientific_name": ["Ornithorhynchus anatinus"], "genbank_common_name": ["platypus"]}}