{"parent": {"leaf": 0, "id": "61818", "scientific_name": "Amphilophus", "tags": {"synonym": ["Astatheros"], "name": ["Amphilophus"], "scientific_name": ["Amphilophus"], "merged_taxon_id": ["64095"]}, "name": "Amphilophus"}, "leaf": 1, "name": "Amphilophus citrinellus", "id": "61819", "scientific_name": "Amphilophus citrinellus", "tags": {"merged_taxon_id": ["8116", "81331", "747228"], "scientific_name": ["Amphilophus citrinellus"], "common_name": ["red devil cichlid", "red devil"], "name": ["Amphilophus citrinellus"], "genbank_common_name": ["Midas cichlid"], "authority": ["Amphilophus citrinellus (Guenther, 1864)", "Heros citrinellus Guenther, 1864", "Heros citrinellus Gunther, 1864"], "synonym": ["Archocentrus citrinellum", "Cichlasoma citrinellum", "Herichthys citrinellus", "Heros citrinellus"]}}