{"scientific_name": "Dicentrarchus labrax", "id": "13489", "tags": {"synonym": ["Labrax labrax", "Morone labrax", "Perca labrax", "Roccus labrax", "Sciaena labrax"], "name": ["Dicentrarchus labrax"], "scientific_name": ["Dicentrarchus labrax"], "common_name": ["European sea bass"], "authority": ["Dicentrarchus labrax (Linnaeus, 1758)", "Perca labrax Linnaeus, 1758"], "genbank_common_name": ["European seabass"]}, "leaf": 1, "parent": {"scientific_name": "Dicentrarchus", "id": "13488", "tags": {"name": ["Dicentrarchus"], "scientific_name": ["Dicentrarchus"]}, "leaf": 0, "name": "Dicentrarchus"}, "name": "Dicentrarchus labrax"}