{"name": "Bos indicus x Bos taurus", "leaf": 1, "parent": {"id": "9903", "leaf": 0, "name": "Bos", "scientific_name": "Bos", "tags": {"ensembl_timetree_mya": ["0.6"], "genbank_common_name": ["cattle"], "name": ["Bos"], "scientific_name": ["Bos"]}}, "scientific_name": "Bos indicus x Bos taurus", "tags": {"name": ["Bos indicus x Bos taurus"], "scientific_name": ["Bos indicus x Bos taurus"], "merged_taxon_id": ["30523", "1935979"], "genbank_common_name": ["hybrid cattle"], "synonym": ["Bos primigenius indicus x Bos primigenius taurus", "Bos taurus indicus x Bos taurus taurus", "Bos taurus x Bos indicus"], "common_name": ["hybrid cow"]}, "id": "30522"}