{"scientific_name": "Mustela putorius furo", "parent": {"id": "9668", "scientific_name": "Mustela putorius", "tags": {"authority": ["Mustela putorius Linnaeus, 1758"], "synonym": ["Putorius putorius"], "genbank_common_name": ["European polecat"], "name": ["Mustela putorius"], "scientific_name": ["Mustela putorius"]}, "leaf": 0, "name": "Mustela putorius"}, "tags": {"common_name": ["black ferret", "ferret"], "authority": ["Mustela putorius furo Linnaeus, 1758"], "synonym": ["Mustela furo"], "genbank_common_name": ["domestic ferret"], "merged_taxon_id": ["77150"], "scientific_name": ["Mustela putorius furo"], "name": ["Mustela putorius furo"]}, "leaf": 1, "name": "Mustela putorius furo", "id": "9669"}