{"children": [{"leaf": 1, "name": "Macaca fascicularis aureus", "tags": {"name": ["Macaca fascicularis aureus"], "synonym": ["Macaca fascicularis aurea"], "authority": ["Macaca fascicularis aureus (E. Geoffroy, 1831)"], "scientific_name": ["Macaca fascicularis aureus"]}, "id": "1747270", "scientific_name": "Macaca fascicularis aureus"}, {"scientific_name": "Macaca fascicularis fascicularis", "id": "1215360", "tags": {"scientific_name": ["Macaca fascicularis fascicularis"], "name": ["Macaca fascicularis fascicularis"]}, "name": "Macaca fascicularis fascicularis", "leaf": 1}, {"tags": {"authority": ["Macaca fascicularis philippinensis Geoffroy, 1843"], "genbank_common_name": ["Philippine long-tailed macaque"], "scientific_name": ["Macaca fascicularis philippinensis"], "name": ["Macaca fascicularis philippinensis"]}, "leaf": 1, "name": "Macaca fascicularis philippinensis", "scientific_name": "Macaca fascicularis philippinensis", "id": "90386"}], "scientific_name": "Macaca fascicularis", "id": "9541", "tags": {"synonym": ["Macaca cynomolgus", "Macaca irus", "Simia fascicularis"], "name": ["Macaca fascicularis"], "common_name": ["crab eating macaque", "cynomolgus macaque", "cynomolgus monkey", "cynomolgus monkeys", "long-tailed macaque"], "scientific_name": ["Macaca fascicularis"], "genbank_common_name": ["crab-eating macaque"], "merged_taxon_id": ["36519"], "authority": ["Macaca fascicularis Raffles, 1821", "Simia fascicularis Raffles, 1821"]}, "parent": {"tags": {"genbank_common_name": ["macaques"], "scientific_name": ["Macaca"], "ensembl_timetree_mya": ["4.5"], "common_name": ["macaque"], "name": ["Macaca"]}, "leaf": 0, "name": "Macaca", "scientific_name": "Macaca", "id": "9539"}, "leaf": 0, "name": "Macaca fascicularis"}