{"leaf": 1, "id": "72004", "parent": {"tags": {"genbank_common_name": ["cattle"], "ensembl_timetree_mya": ["0.6"], "scientific_name": ["Bos"], "name": ["Bos"]}, "scientific_name": "Bos", "name": "Bos", "leaf": 0, "id": "9903"}, "scientific_name": "Bos mutus", "tags": {"merged_taxon_id": ["9907"], "authority": ["Bos mutus (Przewalski, 1883)"], "genbank_common_name": ["wild yak"], "synonym": ["Bos grunniens mutus", "Poephagus mutus"], "scientific_name": ["Bos mutus"], "name": ["Bos mutus"]}, "name": "Bos mutus"}