{"name": "Gasterosteus aculeatus aculeatus", "parent": {"name": "Gasterosteus aculeatus", "id": "69293", "scientific_name": "Gasterosteus aculeatus", "leaf": 0, "tags": {"genbank_common_name": ["three-spined stickleback"], "scientific_name": ["Gasterosteus aculeatus"], "common_name": ["three spined stickleback"], "authority": ["Gasterosteus aculeatus Linnaeus, 1758"], "name": ["Gasterosteus aculeatus"]}}, "id": "481459", "scientific_name": "Gasterosteus aculeatus aculeatus", "leaf": 1, "tags": {"name": ["Gasterosteus aculeatus aculeatus"], "authority": ["Gasterosteus aculeatus aculeatus Linnaeus, 1758"], "scientific_name": ["Gasterosteus aculeatus aculeatus"], "genbank_common_name": ["three-spined stickleback"]}}