{"id": "30521", "scientific_name": "Bos grunniens", "tags": {"name": ["Bos grunniens"], "common_name": ["yak"], "scientific_name": ["Bos grunniens"], "synonym": ["Bos mutus grunniens", "Peophagus grunniens"], "authority": ["Bos grunniens Linnaeus, 1766"], "genbank_common_name": ["domestic yak"]}, "name": "Bos grunniens", "parent": {"leaf": 0, "tags": {"ensembl_timetree_mya": ["0.6"], "genbank_common_name": ["cattle"], "name": ["Bos"], "scientific_name": ["Bos"]}, "scientific_name": "Bos", "id": "9903", "name": "Bos"}, "leaf": 1}