{"leaf": 0, "children": [{"leaf": 1, "tags": {"name": ["Tupaia belangeri yaoshanensis"], "scientific_name": ["Tupaia belangeri yaoshanensis"], "authority": ["Tupaia belangeri yaoshanensis Wang, 1987"]}, "id": "2977824", "scientific_name": "Tupaia belangeri yaoshanensis", "name": "Tupaia belangeri yaoshanensis"}], "tags": {"authority": ["Cladobates belangeri Wagner, 1841", "Tupaia belangeri (Wagner, 1841)"], "common_name": ["common tree shrew"], "synonym": ["Cladobates belangeri", "Tupaia glis belangeri"], "scientific_name": ["Tupaia belangeri"], "genbank_common_name": ["northern tree shrew"], "merged_taxon_id": ["9396"], "name": ["Tupaia belangeri"]}, "id": "37347", "scientific_name": "Tupaia belangeri", "parent": {"name": "Tupaia", "tags": {"name": ["Tupaia"], "authority": ["Tupaia Raffles, 1821"], "scientific_name": ["Tupaia"]}, "leaf": 0, "scientific_name": "Tupaia", "id": "9394"}, "name": "Tupaia belangeri"}