{"scientific_name": "Sparus aurata", "parent": {"tags": {"synonym": ["Aurata"], "scientific_name": ["Sparus"], "name": ["Sparus"], "authority": ["Aurata Oken (ex Cuvier) 1817", "Sparus Linnaeus, 1758"]}, "name": "Sparus", "id": "8174", "leaf": 0, "scientific_name": "Sparus"}, "leaf": 1, "id": "8175", "name": "Sparus aurata", "tags": {"common_name": ["gilthead bream", "silver seabream"], "name": ["Sparus aurata"], "authority": ["Sparus aurata Linnaeus, 1758", "Sparus auratus Houttuyn, 1782"], "synonym": ["Aurata aurata", "Sparus auratus"], "genbank_common_name": ["gilthead seabream"], "scientific_name": ["Sparus aurata"]}}