{"name": "Oryzias sinensis", "leaf": 1, "parent": {"id": "8089", "tags": {"name": ["Oryzias"], "scientific_name": ["Oryzias"], "merged_taxon_id": ["123687"], "synonym": ["Xenopoecilus"], "ensembl_timetree_mya": ["60.4"]}, "scientific_name": "Oryzias", "name": "Oryzias", "leaf": 0}, "scientific_name": "Oryzias sinensis", "tags": {"scientific_name": ["Oryzias sinensis"], "name": ["Oryzias sinensis"], "genbank_common_name": ["Chinese medaka"], "synonym": ["Oryzias latipes sinensis"], "authority": ["Oryzias sinensis Chen, Uwa & Chu, 1989"]}, "id": "183150"}