{"tags": {"name": ["Sarcophilus harrisii"], "authority": ["Sarcophilus harrisii (Boitard, 1841)", "Ursinus harrisii Boitard, 1841"], "scientific_name": ["Sarcophilus harrisii"], "genbank_common_name": ["Tasmanian devil"], "synonym": ["Sarcophilus laniarius (Owen, 1838)", "Sarcophilus laniarius", "Ursinus harrisii"]}, "id": "9305", "name": "Sarcophilus harrisii", "leaf": 1, "parent": {"id": "9304", "name": "Sarcophilus", "tags": {"scientific_name": ["Sarcophilus"], "name": ["Sarcophilus"]}, "scientific_name": "Sarcophilus", "leaf": 0}, "scientific_name": "Sarcophilus harrisii"}