{"id": "9315", "scientific_name": "Notamacropus eugenii", "children": [{"leaf": 1, "name": "Notamacropus eugenii eugenii", "tags": {"scientific_name": ["Notamacropus eugenii eugenii"], "authority": ["Notamacropus eugenii eugenii (Desmarest, 1817)"], "synonym": ["Macropus eugenii eugenii"], "name": ["Notamacropus eugenii eugenii"]}, "id": "1960642", "scientific_name": "Notamacropus eugenii eugenii"}, {"scientific_name": "Notamacropus eugenii derbianus", "id": "1960664", "tags": {"authority": ["Notamacropus eugenii derbianus (Gray, 1837)"], "scientific_name": ["Notamacropus eugenii derbianus"], "name": ["Notamacropus eugenii derbianus"]}, "leaf": 1, "name": "Notamacropus eugenii derbianus"}], "name": "Notamacropus eugenii", "leaf": 0, "parent": {"scientific_name": "Notamacropus", "id": "1960649", "tags": {"name": ["Notamacropus"], "common_name": ["Bennett's wallabies", "Bennett's wallaby"], "scientific_name": ["Notamacropus"], "merged_taxon_id": ["9320", "36525"], "authority": ["Notamacropus Dawson & Flannery, 1985"]}, "name": "Notamacropus", "leaf": 0}, "tags": {"scientific_name": ["Notamacropus eugenii"], "genbank_common_name": ["tammar wallaby"], "authority": ["Kangurus Eugenii Desmarest, 1817", "Notamacropus eugenii (Desmarest, 1817)"], "synonym": ["Kangurus Eugenii", "Macropus eugenii"], "name": ["Notamacropus eugenii"]}}