{"name": "Saimiri boliviensis boliviensis", "id": "39432", "tags": {"name": ["Saimiri boliviensis boliviensis"], "scientific_name": ["Saimiri boliviensis boliviensis"], "genbank_common_name": ["Bolivian squirrel monkey"]}, "scientific_name": "Saimiri boliviensis boliviensis", "parent": {"scientific_name": "Saimiri boliviensis", "leaf": 0, "id": "27679", "name": "Saimiri boliviensis", "tags": {"authority": ["Saimiri boliviensis (I. Geoffroy & Blainville, 1834)"], "name": ["Saimiri boliviensis"], "genbank_common_name": ["Bolivian squirrel monkey"], "scientific_name": ["Saimiri boliviensis"]}}, "leaf": 1}