{"id": "8090", "leaf": 1, "name": "Oryzias latipes", "parent": {"id": "8089", "leaf": 0, "name": "Oryzias", "tags": {"ensembl_timetree_mya": ["60.4"], "synonym": ["Xenopoecilus"], "merged_taxon_id": ["123687"], "name": ["Oryzias"], "scientific_name": ["Oryzias"]}, "scientific_name": "Oryzias"}, "scientific_name": "Oryzias latipes", "tags": {"genbank_common_name": ["Japanese medaka"], "synonym": ["Poecilia latipes"], "authority": ["Oryzias latipes (Temminck & Schlegel, 1846)", "Poecilia latipes Temminck & Schlegel, 1846"], "common_name": ["Japanese rice fish", "medaka"], "scientific_name": ["Oryzias latipes"], "name": ["Oryzias latipes"]}}