{"parent": {"name": "Amphiprion", "tags": {"ensembl_timetree_mya": ["3.2"], "scientific_name": ["Amphiprion"], "name": ["Amphiprion"]}, "id": "80969", "scientific_name": "Amphiprion", "leaf": 0}, "leaf": 1, "scientific_name": "Amphiprion percula", "id": "161767", "tags": {"synonym": ["Lutjanus percula"], "authority": ["Amphiprion percula (Lacepede, 1802)", "Lutjanus percula Lacepede, 1802"], "genbank_common_name": ["orange clownfish"], "name": ["Amphiprion percula"], "scientific_name": ["Amphiprion percula"], "common_name": ["Picasso clownfish"]}, "name": "Amphiprion percula"}