{"id": "1328070", "scientific_name": "Prolemur simus", "leaf": 1, "tags": {"scientific_name": ["Prolemur simus"], "genbank_common_name": ["greater bamboo lemur"], "authority": ["Hapalemur simus Gray, 1870", "Prolemur simus (Gray, 1871)"], "synonym": ["Hapalemur simus"], "common_name": ["broad-nosed bamboo lemur"], "merged_taxon_id": ["122223"], "name": ["Prolemur simus"]}, "name": "Prolemur simus", "parent": {"name": "Prolemur", "id": "1328069", "scientific_name": "Prolemur", "leaf": 0, "tags": {"name": ["Prolemur"], "authority": ["Prolemur Gray, 1871"], "scientific_name": ["Prolemur"]}}}