{"id": "96440", "scientific_name": "Salvator merianae", "leaf": 1, "tags": {"authority": ["Salvator merianae Dumeril & Bibron, 1839", "Tupinambis merianae (Dumril & Bibron, 1839)"], "synonym": ["Tupinambis merianae"], "scientific_name": ["Salvator merianae"], "genbank_common_name": ["Argentine black and white tegu"], "type_material": ["ZFMK 89199"], "name": ["Salvator merianae"]}, "name": "Salvator merianae", "parent": {"name": "Salvator", "id": "1469640", "scientific_name": "Salvator", "leaf": 0, "tags": {"name": ["Salvator"], "scientific_name": ["Salvator"]}}}