{"id": "9601", "scientific_name": "Pongo abelii", "tags": {"synonym": ["Pongo pygmaeus abelii", "Pongo pygmaeus abeli"], "authority": ["Pongo abelii Lesson, 1827"], "genbank_common_name": ["Sumatran orangutan"], "name": ["Pongo abelii"], "scientific_name": ["Pongo abelii"], "common_name": ["orang utan", "Orang-utan", "Orangutan"]}, "name": "Pongo abelii", "parent": {"leaf": 0, "id": "9599", "scientific_name": "Pongo", "tags": {"name": ["Pongo"], "scientific_name": ["Pongo"]}, "name": "Pongo"}, "leaf": 1}