{"name": "Sander lucioperca", "id": "283035", "scientific_name": "Sander lucioperca", "tags": {"genbank_common_name": ["pikeperch"], "synonym": ["Lucioperca lucioperca", "Perca lucioperca", "Stizostedion lucioperca"], "authority": ["Perca lucioperca Linnaeus, 1758", "Sander lucioperca (Linnaeus, 1758)"], "common_name": ["pike-perch"], "scientific_name": ["Sander lucioperca"], "merged_taxon_id": ["57867"], "name": ["Sander lucioperca"]}, "parent": {"leaf": 0, "name": "Sander", "id": "283033", "scientific_name": "Sander", "tags": {"name": ["Sander"], "merged_taxon_id": ["54345"], "scientific_name": ["Sander"], "synonym": ["Stizostedion"]}}, "leaf": 1}