{"id": "1026970", "scientific_name": "Nannospalax galili", "name": "Nannospalax galili", "leaf": 1, "parent": {"name": "Nannospalax", "leaf": 0, "tags": {"name": ["Nannospalax"], "scientific_name": ["Nannospalax"], "genbank_common_name": ["Mediterranean blind mole-rats"]}, "id": "30636", "scientific_name": "Nannospalax"}, "tags": {"synonym": ["Nannospalax ehrenbergi galili", "Spalax galili"], "name": ["Nannospalax galili"], "scientific_name": ["Nannospalax galili"], "merged_taxon_id": ["164323"], "genbank_common_name": ["Upper Galilee mountains blind mole rat"], "authority": ["Spalax galili Nevo, Ivanitskaya & Beiles 2001"]}}