{"leaf": 1, "id": "379532", "parent": {"name": "Propithecus", "scientific_name": "Propithecus", "tags": {"scientific_name": ["Propithecus"], "name": ["Propithecus"], "genbank_common_name": ["sifakas"]}, "id": "30600", "leaf": 0}, "tags": {"name": ["Propithecus coquereli"], "scientific_name": ["Propithecus coquereli"], "genbank_common_name": ["Coquerel's sifaka"], "synonym": ["Propithecus verreauxi coquereli"], "authority": ["Propithecus coquereli (A. Grandidier, 1867)"], "merged_taxon_id": ["122226"]}, "scientific_name": "Propithecus coquereli", "name": "Propithecus coquereli"}