{"tags": {"genbank_common_name": ["little brown bat"], "authority": ["Vespertilio lucifugus Le Conte, 1831"], "synonym": ["Vespertilio lucifugus"], "scientific_name": ["Myotis lucifugus"], "name": ["Myotis lucifugus"]}, "id": "59463", "scientific_name": "Myotis lucifugus", "name": "Myotis lucifugus", "leaf": 0, "parent": {"leaf": 0, "tags": {"name": ["Myotis"], "scientific_name": ["Myotis"]}, "scientific_name": "Myotis", "id": "9434", "name": "Myotis"}, "children": [{"name": "Myotis lucifugus carissima", "id": "164660", "scientific_name": "Myotis lucifugus carissima", "tags": {"name": ["Myotis lucifugus carissima"], "scientific_name": ["Myotis lucifugus carissima"], "authority": ["Myotis lucifugus carissima Thomas, 1904"]}, "leaf": 1}, {"leaf": 1, "tags": {"authority": ["Vespertilio lucifugus lucifugus Le Conte, 1831"], "synonym": ["Vespertilio lucifugus lucifugus"], "name": ["Myotis lucifugus lucifugus"], "scientific_name": ["Myotis lucifugus lucifugus"]}, "scientific_name": "Myotis lucifugus lucifugus", "id": "384942", "name": "Myotis lucifugus lucifugus"}, {"leaf": 1, "tags": {"scientific_name": ["Myotis lucifugus relictus"], "name": ["Myotis lucifugus relictus"]}, "scientific_name": "Myotis lucifugus relictus", "id": "384941", "name": "Myotis lucifugus relictus"}, {"tags": {"scientific_name": ["Myotis lucifugus alascensis"], "name": ["Myotis lucifugus alascensis"]}, "id": "384940", "scientific_name": "Myotis lucifugus alascensis", "name": "Myotis lucifugus alascensis", "leaf": 1}]}