{"name": "Rhinopithecus bieti", "scientific_name": "Rhinopithecus bieti", "id": "61621", "tags": {"scientific_name": ["Rhinopithecus bieti"], "common_name": ["Yunnan snub-nosed monkey"], "name": ["Rhinopithecus bieti"], "genbank_common_name": ["black snub-nosed monkey"], "authority": ["Rhinopithecus bieti Milne-Edwards, 1897"], "synonym": ["Pygathrix bieti"]}, "parent": {"leaf": 0, "name": "Rhinopithecus", "id": "542827", "scientific_name": "Rhinopithecus", "tags": {"name": ["Rhinopithecus"], "scientific_name": ["Rhinopithecus"], "ensembl_timetree_mya": ["2.2"]}}, "leaf": 1}