{"leaf": 1, "parent": {"leaf": 0, "name": "Seriola lalandi", "tags": {"synonym": ["Seriola lalandei"], "name": ["Seriola lalandi"], "scientific_name": ["Seriola lalandi"], "genbank_common_name": ["yellowtail amberjack"], "authority": ["Seriola lalandi Valenciennes, 1833"]}, "id": "302047", "scientific_name": "Seriola lalandi"}, "name": "Seriola lalandi dorsalis", "tags": {"scientific_name": ["Seriola lalandi dorsalis"], "authority": ["Seriola lalandi dorsalis (Gill, 1863)"], "synonym": ["Seriola dorsalis"], "name": ["Seriola lalandi dorsalis"]}, "id": "1841481", "scientific_name": "Seriola lalandi dorsalis"}