{"tags": {"merged_taxon_id": ["8122"], "scientific_name": ["Haplochromis burtoni"], "genbank_common_name": ["Burton's mouthbrooder"], "synonym": ["Astatotilapia burtoni", "Chromis burtoni"], "authority": ["Chromis burtoni Guenther, 1894", "Haplochromis burtoni (Guenther, 1894)"], "name": ["Haplochromis burtoni"]}, "name": "Haplochromis burtoni", "id": "8153", "leaf": 1, "parent": {"scientific_name": "Haplochromis", "leaf": 0, "id": "8121", "name": "Haplochromis", "tags": {"scientific_name": ["Haplochromis"], "merged_taxon_id": ["51174", "51179", "61522"], "synonym": ["Harpagochromis", "Labrochromis", "Ptyochromis"], "name": ["Haplochromis"]}}, "scientific_name": "Haplochromis burtoni"}