{"id": "8083", "scientific_name": "Xiphophorus maculatus", "name": "Xiphophorus maculatus", "parent": {"leaf": 0, "name": "Xiphophorus", "tags": {"name": ["Xiphophorus"], "scientific_name": ["Xiphophorus"], "ensembl_timetree_mya": ["3.3"]}, "id": "8082", "scientific_name": "Xiphophorus"}, "leaf": 1, "tags": {"authority": ["Platypoecilus maculatus Guenther, 1866", "Platypoecilus maculatus Gunther, 1866", "Xiphophorus maculatus (Guenther, 1866)"], "genbank_common_name": ["southern platyfish"], "scientific_name": ["Xiphophorus maculatus"], "name": ["Xiphophorus maculatus"], "synonym": ["Platypoecilus maculatus"]}}