{"scientific_name": "Nothobranchius furzeri", "parent": {"tags": {"name": ["Nothobranchius"], "merged_taxon_id": ["60303"], "scientific_name": ["Nothobranchius"], "synonym": ["Fundulosoma"]}, "name": "Nothobranchius", "id": "28779", "leaf": 0, "scientific_name": "Nothobranchius"}, "leaf": 1, "name": "Nothobranchius furzeri", "id": "105023", "tags": {"genbank_common_name": ["turquoise killifish"], "scientific_name": ["Nothobranchius furzeri"], "authority": ["Nothobranchius furzeri Jubb, 1971"], "name": ["Nothobranchius furzeri"]}}