{"name": "Oryctolagus cuniculus", "tags": {"genbank_common_name": ["rabbit"], "name": ["Oryctolagus cuniculus"], "merged_taxon_id": ["9985", "34833"], "common_name": ["domestic rabbit", "European rabbit", "Japanese white rabbit", "rabbits"], "includes": ["New Zealand rabbit"], "authority": ["Lepus cuniculus Linnaeus, 1758"], "synonym": ["Lepus cuniculus"], "scientific_name": ["Oryctolagus cuniculus"]}, "scientific_name": "Oryctolagus cuniculus", "id": "9986", "leaf": 0, "parent": {"leaf": 0, "name": "Oryctolagus", "scientific_name": "Oryctolagus", "id": "9984", "tags": {"scientific_name": ["Oryctolagus"], "name": ["Oryctolagus"]}}, "children": [{"leaf": 1, "name": "Oryctolagus cuniculus cuniculus", "id": "568996", "scientific_name": "Oryctolagus cuniculus cuniculus", "tags": {"synonym": ["Lepus cuniculus cuniculus"], "authority": ["Lepus cuniculus cuniculus Linnaeus, 1758"], "scientific_name": ["Oryctolagus cuniculus cuniculus"], "name": ["Oryctolagus cuniculus cuniculus"]}}, {"leaf": 1, "name": "Oryctolagus cuniculus algirus", "scientific_name": "Oryctolagus cuniculus algirus", "id": "230741", "tags": {"authority": ["Cuniculus algirus Loche, 1858"], "synonym": ["Cuniculus algirus"], "scientific_name": ["Oryctolagus cuniculus algirus"], "name": ["Oryctolagus cuniculus algirus"]}}]}