{"leaf": 0, "children": [{"leaf": 1, "id": "944575", "tags": {"name": ["Ailuropoda melanoleuca qinlingensis"], "scientific_name": ["Ailuropoda melanoleuca qinlingensis"]}, "scientific_name": "Ailuropoda melanoleuca qinlingensis", "name": "Ailuropoda melanoleuca qinlingensis"}], "id": "9646", "parent": {"id": "9645", "leaf": 0, "name": "Ailuropoda", "tags": {"scientific_name": ["Ailuropoda"], "name": ["Ailuropoda"]}, "scientific_name": "Ailuropoda"}, "tags": {"genbank_common_name": ["giant panda"], "authority": ["Ailuropoda melanoleuca (David, 1869)"], "scientific_name": ["Ailuropoda melanoleuca"], "name": ["Ailuropoda melanoleuca"]}, "scientific_name": "Ailuropoda melanoleuca", "name": "Ailuropoda melanoleuca"}