{"name": "Bison bison bison", "parent": {"tags": {"name": ["Bison bison"], "scientific_name": ["Bison bison"], "genbank_common_name": ["American bison"], "authority": ["Bos bison Linnaeus, 1758"], "synonym": ["Bos (Bison) bison", "Bos bison"], "common_name": ["Bison"]}, "leaf": 0, "scientific_name": "Bison bison", "id": "9901", "name": "Bison bison"}, "id": "43346", "scientific_name": "Bison bison bison", "leaf": 1, "tags": {"name": ["Bison bison bison"], "scientific_name": ["Bison bison bison"], "synonym": ["Bos bison bison"], "authority": ["Bos bison bison Linnaeus, 1758"]}}