{"leaf": 1, "scientific_name": "Maylandia zebra", "parent": {"name": "Maylandia zebra complex", "id": "57445", "tags": {"synonym": ["Pseudotropheus zebra complex"], "scientific_name": ["Maylandia zebra complex"], "name": ["Maylandia zebra complex"]}, "scientific_name": "Maylandia zebra complex", "leaf": 0}, "tags": {"name": ["Maylandia zebra"], "authority": ["Maylandia zebra (Boulenger, 1899)"], "synonym": ["Metriaclima zebra", "Pseudotropheus sp. 'Pseudotropheus zebra complex'", "Pseudotropheus zebra"], "scientific_name": ["Maylandia zebra"], "genbank_common_name": ["zebra mbuna"], "merged_taxon_id": ["27761", "176097"]}, "name": "Maylandia zebra", "id": "106582"}