{"id": "9813", "leaf": 0, "children": [{"leaf": 1, "id": "1973248", "tags": {"synonym": ["Cavia capensis capensis"], "authority": ["Cavia capensis capensis Pallas, 1766", "Procavia capensis capensis (Pallas, 1766)"], "name": ["Procavia capensis capensis"], "scientific_name": ["Procavia capensis capensis"]}, "scientific_name": "Procavia capensis capensis", "name": "Procavia capensis capensis"}, {"leaf": 1, "id": "1973249", "tags": {"scientific_name": ["Procavia capensis welwitschii"], "name": ["Procavia capensis welwitschii"], "synonym": ["Hyrax welwitschii"], "authority": ["Hyrax welwitschii Gray, 1868", "Procavia capensis welwitschii (Gray, 1868)"]}, "scientific_name": "Procavia capensis welwitschii", "name": "Procavia capensis welwitschii"}, {"tags": {"scientific_name": ["Procavia capensis habessinica"], "name": ["Procavia capensis habessinica"], "authority": ["Hyrax habessinicus Hemprich & Ehrenberg, 1833"], "synonym": ["Hyrax habessinicus"], "genbank_common_name": ["Abyssinian hyrax"]}, "scientific_name": "Procavia capensis habessinica", "name": "Procavia capensis habessinica", "leaf": 1, "id": "9814"}], "name": "Procavia capensis", "parent": {"leaf": 0, "id": "9812", "scientific_name": "Procavia", "tags": {"scientific_name": ["Procavia"], "name": ["Procavia"]}, "name": "Procavia"}, "tags": {"scientific_name": ["Procavia capensis"], "name": ["Procavia capensis"], "common_name": ["Cape hyrax", "large-toothed rock hyrax", "rock dassie", "rock hyrax"], "genbank_common_name": ["Cape rock hyrax"], "synonym": ["Cavia capensis"], "authority": ["Cavia capensis Pallas, 1766"]}, "scientific_name": "Procavia capensis"}