{"leaf": 0, "name": "Cyprinodon variegatus", "parent": {"id": "28741", "scientific_name": "Cyprinodon", "tags": {"name": ["Cyprinodon"], "scientific_name": ["Cyprinodon"]}, "leaf": 0, "name": "Cyprinodon"}, "scientific_name": "Cyprinodon variegatus", "tags": {"name": ["Cyprinodon variegatus"], "scientific_name": ["Cyprinodon variegatus"], "genbank_common_name": ["sheepshead minnow"], "authority": ["Cyprinodon variegatus Lacepede, 1803"]}, "children": [{"id": "1137050", "tags": {"name": ["Cyprinodon variegatus variegatus"], "scientific_name": ["Cyprinodon variegatus variegatus"], "authority": ["Cyprinodon variegatus variegatus Lacepede, 1803"], "synonym": ["Cyprinodon variegatus subsp. variegatus"]}, "scientific_name": "Cyprinodon variegatus variegatus", "name": "Cyprinodon variegatus variegatus", "leaf": 1}, {"id": "1265392", "scientific_name": "Cyprinodon variegatus hubbsi", "tags": {"authority": ["Cyprinodon variegatus hubbsi Carr, 1936"], "synonym": ["Cyprinodon hubbsi"], "name": ["Cyprinodon variegatus hubbsi"], "scientific_name": ["Cyprinodon variegatus hubbsi"]}, "leaf": 1, "name": "Cyprinodon variegatus hubbsi"}], "id": "28743"}