{"scientific_name": "Chelonoidis abingdonii", "id": "106734", "tags": {"name": ["Chelonoidis abingdonii"], "merged_taxon_id": ["106736"], "type_material": ["BMNH 1947.3.4.39"], "genbank_common_name": ["Abingdon island giant tortoise"], "scientific_name": ["Chelonoidis abingdonii"], "synonym": ["Chelonoidis abingdoni", "Chelonoidis nigra abingdonii", "Geochelone nigra abigdonii", "Geochelone nigra abingdoni", "Geochelone nigra ephippium", "Testudo abingdonii"], "authority": ["Chelonoidis abingdonii (Guenther, 1877)", "Testudo abingdonii Gunther, 1877"]}, "leaf": 1, "name": "Chelonoidis abingdonii", "parent": {"leaf": 0, "tags": {"name": ["Chelonoidis nigra species complex"], "scientific_name": ["Chelonoidis nigra species complex"]}, "id": "1137846", "scientific_name": "Chelonoidis nigra species complex", "name": "Chelonoidis nigra species complex"}}