{"name": "Echinops telfairi", "parent": {"tags": {"name": ["Echinops"], "scientific_name": ["Echinops"], "authority": ["Echinops Martin, 1838"]}, "leaf": 0, "scientific_name": "Echinops", "id": "9370", "name": "Echinops"}, "id": "9371", "scientific_name": "Echinops telfairi", "leaf": 1, "tags": {"scientific_name": ["Echinops telfairi"], "genbank_common_name": ["small Madagascar hedgehog"], "authority": ["Echinops telfairi Martin, 1838"], "common_name": ["lesser hedgehog tenrec"], "synonym": ["Echinops telfairii"], "name": ["Echinops telfairi"]}}