{"scientific_name": "Camelus dromedarius", "id": "9838", "tags": {"name": ["Camelus dromedarius"], "genbank_common_name": ["Arabian camel"], "authority": ["Camelus dromedarius Linnaeus, 1758"], "common_name": ["camel", "dromedaries", "dromedary camel", "dromedary", "one-humped camel"], "scientific_name": ["Camelus dromedarius"]}, "name": "Camelus dromedarius", "parent": {"leaf": 0, "name": "Camelus", "tags": {"scientific_name": ["Camelus"], "name": ["Camelus"]}, "id": "9836", "scientific_name": "Camelus"}, "leaf": 1}