{"name": "Peromyscus maniculatus bairdii", "parent": {"leaf": 0, "id": "10042", "scientific_name": "Peromyscus maniculatus", "tags": {"name": ["Peromyscus maniculatus"], "scientific_name": ["Peromyscus maniculatus"], "genbank_common_name": ["North American deer mouse"], "authority": ["Peromyscus maniculatus (Wagner, 1845)"], "merged_taxon_id": ["162312"], "type_material": ["MSB Mamm 74965"]}, "name": "Peromyscus maniculatus"}, "tags": {"genbank_common_name": ["prairie deer mouse"], "scientific_name": ["Peromyscus maniculatus bairdii"], "name": ["Peromyscus maniculatus bairdii"]}, "scientific_name": "Peromyscus maniculatus bairdii", "id": "230844", "leaf": 1}