{"name": "Tetraodon nigroviridis", "parent": {"name": "Tetraodon", "id": "47144", "scientific_name": "Tetraodon", "leaf": 0, "tags": {"name": ["Tetraodon"], "scientific_name": ["Tetraodon"], "authority": ["Tetraodon Linnaeus, 1758"]}}, "id": "99883", "scientific_name": "Tetraodon nigroviridis", "leaf": 1, "tags": {"name": ["Tetraodon nigroviridis"], "scientific_name": ["Tetraodon nigroviridis"], "genbank_common_name": ["spotted green pufferfish"], "authority": ["Tetraodon nigroviridis Marion de Proce, 1822"]}}