{"id": "8030", "scientific_name": "Salmo salar", "parent": {"scientific_name": "Salmo", "id": "8028", "tags": {"name": ["Salmo"], "synonym": ["Acantholingua", "Salmothymus"], "merged_taxon_id": ["62064", "82302"], "ensembl_timetree_mya": ["11.9"], "scientific_name": ["Salmo"]}, "name": "Salmo", "leaf": 0}, "leaf": 1, "name": "Salmo salar", "tags": {"scientific_name": ["Salmo salar"], "genbank_common_name": ["Atlantic salmon"], "authority": ["Salmo salar Linnaeus, 1758"], "name": ["Salmo salar"]}}