{"name": "Mandrillus leucophaeus", "parent": {"name": "Mandrillus", "leaf": 0, "tags": {"name": ["Mandrillus"], "scientific_name": ["Mandrillus"], "genbank_common_name": ["forest baboons"]}, "id": "9567", "scientific_name": "Mandrillus"}, "leaf": 1, "tags": {"scientific_name": ["Mandrillus leucophaeus"], "authority": ["Mandrillus leucophaeus (F. Cuvier, 1807)", "Simia leucophaea Cuvier, 1807"], "genbank_common_name": ["drill"], "synonym": ["Papio leucophaeus", "Simia leucophaea"], "name": ["Mandrillus leucophaeus"]}, "id": "9568", "scientific_name": "Mandrillus leucophaeus"}