{"name": "Acanthochromis polyacanthus", "parent": {"leaf": 0, "tags": {"name": ["Acanthochromis"], "scientific_name": ["Acanthochromis"]}, "id": "80965", "scientific_name": "Acanthochromis", "name": "Acanthochromis"}, "id": "80966", "scientific_name": "Acanthochromis polyacanthus", "leaf": 1, "tags": {"scientific_name": ["Acanthochromis polyacanthus"], "genbank_common_name": ["spiny chromis"], "authority": ["Acanthochromis polyacanthus (Bleeker, 1855)", "Dascyllus polyacanthus Bleeker, 1855"], "synonym": ["Acanthochromis polyacathus", "Dascyllus polyacanthus"], "common_name": ["spiny damselfish"], "name": ["Acanthochromis polyacanthus"]}}