{"children": [{"id": "504095", "leaf": 1, "name": "Salmo trutta oxianus", "scientific_name": "Salmo trutta oxianus", "tags": {"authority": ["Salmo trutta oxianus Kessler, 1874"], "genbank_common_name": ["Amu-Darya trout"], "name": ["Salmo trutta oxianus"], "scientific_name": ["Salmo trutta oxianus"]}}, {"id": "99804", "leaf": 1, "name": "Salmo trutta fario", "scientific_name": "Salmo trutta fario", "tags": {"authority": ["Salmo fario Linnaeus, 1758", "Salmo trutta fario Linnaeus, 1758"], "merged_taxon_id": ["1137107"], "synonym": ["Salmo fario"], "scientific_name": ["Salmo trutta fario"], "name": ["Salmo trutta fario"], "common_name": ["river trout"]}}, {"id": "1280377", "leaf": 1, "name": "Salmo trutta lacustris", "scientific_name": "Salmo trutta lacustris", "tags": {"synonym": ["Salmo lacustris"], "authority": ["Salmo lacustris Linnaeus, 1785", "Salmo trutta lacustris Linnaeus, 1785"], "scientific_name": ["Salmo trutta lacustris"], "name": ["Salmo trutta lacustris"]}}, {"id": "227976", "leaf": 1, "name": "Salmo trutta trutta", "tags": {"authority": ["Salmo trutta trutta Linnaeus, 1758"], "genbank_common_name": ["sea trout"], "name": ["Salmo trutta trutta"], "scientific_name": ["Salmo trutta trutta"]}, "scientific_name": "Salmo trutta trutta"}], "leaf": 0, "id": "8032", "tags": {"genbank_common_name": ["river trout"], "authority": ["Salmo trutta Linnaeus, 1758"], "name": ["Salmo trutta"], "scientific_name": ["Salmo trutta"]}, "parent": {"id": "8028", "leaf": 0, "name": "Salmo", "scientific_name": "Salmo", "tags": {"merged_taxon_id": ["62064", "82302"], "synonym": ["Acantholingua", "Salmothymus"], "ensembl_timetree_mya": ["11.9"], "scientific_name": ["Salmo"], "name": ["Salmo"]}}, "scientific_name": "Salmo trutta", "name": "Salmo trutta"}