{"id": "30732", "tags": {"name": ["Oryzias melastigma"], "scientific_name": ["Oryzias melastigma"], "authority": ["Aplocheilus melastigmus McClelland, 1839", "Oryzias melastigma (McClelland, 1839)"], "common_name": ["Java medaka", "marine medaka"], "synonym": ["Aplocheilus melastigmus"], "genbank_common_name": ["Indian medaka"]}, "parent": {"id": "8089", "scientific_name": "Oryzias", "tags": {"merged_taxon_id": ["123687"], "scientific_name": ["Oryzias"], "name": ["Oryzias"], "ensembl_timetree_mya": ["60.4"], "synonym": ["Xenopoecilus"]}, "name": "Oryzias", "leaf": 0}, "scientific_name": "Oryzias melastigma", "name": "Oryzias melastigma", "leaf": 1}