{"parent": {"leaf": 0, "tags": {"name": ["Carlito"], "scientific_name": ["Carlito"]}, "id": "1868481", "scientific_name": "Carlito", "name": "Carlito"}, "name": "Carlito syrichta", "leaf": 1, "tags": {"authority": ["Simia syrichta Linnaeus, 1758", "Tarsius syrichta (Linnaeus, 1758)"], "synonym": ["Simia syrichta", "Tarsius syrichta"], "scientific_name": ["Carlito syrichta"], "genbank_common_name": ["Philippine tarsier"], "merged_taxon_id": ["9478"], "name": ["Carlito syrichta"]}, "id": "1868482", "scientific_name": "Carlito syrichta"}