{"children": [{"id": "1294088", "scientific_name": "Pan troglodytes verus x troglodytes", "leaf": 1, "tags": {"synonym": ["Pan troglodytes verus x Pan troglodytes troglodytes"], "scientific_name": ["Pan troglodytes verus x troglodytes"], "name": ["Pan troglodytes verus x troglodytes"]}, "name": "Pan troglodytes verus x troglodytes"}, {"tags": {"scientific_name": ["Pan troglodytes schweinfurthii"], "name": ["Pan troglodytes schweinfurthii"]}, "leaf": 1, "scientific_name": "Pan troglodytes schweinfurthii", "id": "37010", "name": "Pan troglodytes schweinfurthii"}, {"name": "Pan troglodytes ellioti", "leaf": 1, "tags": {"scientific_name": ["Pan troglodytes ellioti"], "synonym": ["Pan troglodytes elliotii", "Pan troglodytes vellerosus"], "authority": ["Pan troglodytes ellioti (Matschie, 1914)"], "name": ["Pan troglodytes ellioti"], "merged_taxon_id": ["91950"]}, "id": "756884", "scientific_name": "Pan troglodytes ellioti"}, {"tags": {"scientific_name": ["Pan troglodytes verus"], "name": ["Pan troglodytes verus"]}, "leaf": 1, "scientific_name": "Pan troglodytes verus", "id": "37012", "name": "Pan troglodytes verus"}, {"name": "Pan troglodytes troglodytes", "leaf": 1, "tags": {"name": ["Pan troglodytes troglodytes"], "scientific_name": ["Pan troglodytes troglodytes"], "synonym": ["Simia troglodytes troglodytes"], "authority": ["Simia troglodytes troglodytes Linnaeus, 1758"]}, "id": "37011", "scientific_name": "Pan troglodytes troglodytes"}], "leaf": 0, "tags": {"name": ["Pan troglodytes"], "authority": ["Simia troglodytes Linnaeus, 1758"], "synonym": ["Simia troglodytes"], "scientific_name": ["Pan troglodytes"], "genbank_common_name": ["chimpanzee"]}, "id": "9598", "scientific_name": "Pan troglodytes", "parent": {"tags": {"merged_taxon_id": ["317028", "445518"], "name": ["Pan"], "ensembl_timetree_mya": ["2.4"], "scientific_name": ["Pan"], "includes": ["Pan sp. WO2005014654", "Pan sp. WO2007026120"], "genbank_common_name": ["chimpanzees"]}, "leaf": 0, "scientific_name": "Pan", "id": "9596", "name": "Pan"}, "name": "Pan troglodytes"}