{"leaf": 0, "parent": {"scientific_name": "Rhinolophus", "leaf": 0, "id": "49442", "name": "Rhinolophus", "tags": {"name": ["Rhinolophus"], "authority": ["Rhinolophus Lacepede, 1799"], "scientific_name": ["Rhinolophus"]}}, "scientific_name": "Rhinolophus ferrumequinum", "tags": {"name": ["Rhinolophus ferrumequinum"], "authority": ["Rhinolophus ferrumequinum (Schreber, 1774)", "Vespertilio ferrumequinum Schreber, 1774"], "merged_taxon_id": ["177187"], "genbank_common_name": ["greater horseshoe bat"], "scientific_name": ["Rhinolophus ferrumequinum"], "synonym": ["Vespertilio ferrumequinum"]}, "children": [{"scientific_name": "Rhinolophus ferrumequinum nippon", "leaf": 1, "id": "608660", "name": "Rhinolophus ferrumequinum nippon", "tags": {"name": ["Rhinolophus ferrumequinum nippon"], "genbank_common_name": ["Japanese greater horseshoe bat"], "scientific_name": ["Rhinolophus ferrumequinum nippon"]}}, {"leaf": 1, "scientific_name": "Rhinolophus ferrumequinum tragatus", "tags": {"scientific_name": ["Rhinolophus ferrumequinum tragatus"], "authority": ["Rhinolophus ferrumequinum tragatus Hodgson, 1835"], "name": ["Rhinolophus ferrumequinum tragatus"]}, "id": "1774222", "name": "Rhinolophus ferrumequinum tragatus"}, {"tags": {"name": ["Rhinolophus ferrumequinum quelpartis"], "authority": ["Rhinolophus ferrumequinum quelpartis Mori, 1933"], "scientific_name": ["Rhinolophus ferrumequinum quelpartis"], "genbank_common_name": ["Jeju Island greater horseshoe bat"], "synonym": ["Rhinolphus quelpartis"]}, "id": "1203030", "name": "Rhinolophus ferrumequinum quelpartis", "leaf": 1, "scientific_name": "Rhinolophus ferrumequinum quelpartis"}, {"leaf": 1, "scientific_name": "Rhinolophus ferrumequinum korai", "tags": {"scientific_name": ["Rhinolophus ferrumequinum korai"], "genbank_common_name": ["Korean greater horseshoe bat"], "authority": ["Rhinolophus ferrumequinum korai Kuroda, 1938"], "name": ["Rhinolophus ferrumequinum korai"]}, "id": "1077283", "name": "Rhinolophus ferrumequinum korai"}], "id": "59479", "name": "Rhinolophus ferrumequinum"}