{"scientific_name": "Neogale vison", "id": "452646", "tags": {"merged_taxon_id": ["9667"], "genbank_common_name": ["American mink"], "authority": ["Mustela vison von Schreber, 1776", "Neogale vison (von Schreber, 1776)"], "common_name": ["mink"], "scientific_name": ["Neogale vison"], "name": ["Neogale vison"], "synonym": ["Mustela vison", "Neovison vison"]}, "parent": {"tags": {"name": ["Neogale"], "synonym": ["Neovison"], "merged_taxon_id": ["452645"], "scientific_name": ["Neogale"]}, "name": "Neogale", "leaf": 0, "scientific_name": "Neogale", "id": "2902005"}, "leaf": 1, "name": "Neogale vison"}