{"name": "Erpetoichthys calabaricus", "id": "27687", "tags": {"synonym": ["Calamoichthys calabaricus"], "genbank_common_name": ["reedfish"], "scientific_name": ["Erpetoichthys calabaricus"], "authority": ["Erpetoichthys calabaricus Smith, 1865"], "name": ["Erpetoichthys calabaricus"]}, "parent": {"leaf": 0, "scientific_name": "Erpetoichthys", "tags": {"scientific_name": ["Erpetoichthys"], "name": ["Erpetoichthys"]}, "id": "27686", "name": "Erpetoichthys"}, "scientific_name": "Erpetoichthys calabaricus", "leaf": 1}