{"leaf": 1, "name": "Pygocentrus nattereri", "parent": {"name": "Pygocentrus", "leaf": 0, "scientific_name": "Pygocentrus", "tags": {"name": ["Pygocentrus"], "scientific_name": ["Pygocentrus"]}, "id": "42513"}, "tags": {"scientific_name": ["Pygocentrus nattereri"], "name": ["Pygocentrus nattereri"], "common_name": ["red piranha"], "authority": ["Pygocentrus nattereri Kner, 1858", "Serrasalmus nattereri (Kner, 1858)"], "genbank_common_name": ["red-bellied piranha"], "synonym": ["Serrasalmus nattereri"]}, "scientific_name": "Pygocentrus nattereri", "id": "42514"}