{"parent": {"name": "Pan", "leaf": 0, "tags": {"name": ["Pan"], "merged_taxon_id": ["317028", "445518"], "genbank_common_name": ["chimpanzees"], "scientific_name": ["Pan"], "includes": ["Pan sp. WO2005014654", "Pan sp. WO2007026120"], "ensembl_timetree_mya": ["2.4"]}, "id": "9596", "scientific_name": "Pan"}, "name": "Pan paniscus", "tags": {"authority": ["Pan paniscus Schwarz, 1929"], "common_name": ["bonobo"], "scientific_name": ["Pan paniscus"], "genbank_common_name": ["pygmy chimpanzee"], "name": ["Pan paniscus"]}, "leaf": 1, "scientific_name": "Pan paniscus", "id": "9597"}