{"parent": {"name": "Cavia", "tags": {"genbank_common_name": ["guinea pigs"], "scientific_name": ["Cavia"], "common_name": ["guinea-pigs"], "ensembl_timetree_mya": ["4.3"], "name": ["Cavia"]}, "leaf": 0, "scientific_name": "Cavia", "id": "10140"}, "name": "Cavia porcellus", "leaf": 1, "tags": {"name": ["Cavia porcellus"], "merged_taxon_id": ["84274"], "genbank_common_name": ["domestic guinea pig"], "scientific_name": ["Cavia porcellus"], "common_name": ["guinea pig"], "synonym": ["Cavia aperea porcellus", "Cavia cobaya", "Mus porcellus"], "authority": ["Mus porcellus Linnaeus, 1758"]}, "id": "10141", "scientific_name": "Cavia porcellus"}