{"tags": {"genbank_common_name": ["zebrafish"], "synonym": ["Brachydanio rerio frankei", "Brachydanio rerio", "Cyprinus rerio", "Danio frankei", "Danio rerio frankei"], "authority": ["Cyprinus rerio Hamilton, 1822", "Danio rerio (Hamilton, 1822)"], "scientific_name": ["Danio rerio"], "common_name": ["leopard danio", "zebra danio", "zebra fish"], "merged_taxon_id": ["27702", "37966"], "name": ["Danio rerio"]}, "scientific_name": "Danio rerio", "id": "7955", "name": "Danio rerio", "leaf": 1, "parent": {"leaf": 0, "name": "Danio", "tags": {"synonym": ["Brachydanio", "Celestichthys"], "scientific_name": ["Danio"], "merged_taxon_id": ["46777", "487617"], "name": ["Danio"]}, "scientific_name": "Danio", "id": "7954"}}