{"parent": {"name": "Capra", "leaf": 0, "tags": {"name": ["Capra"], "scientific_name": ["Capra"]}, "scientific_name": "Capra", "id": "9922"}, "tags": {"merged_taxon_id": ["57076"], "common_name": ["domestic goat", "goats"], "includes": ["African dwarf goat", "African dwarf goats", "Naine d'Afrique de l'Ouest"], "scientific_name": ["Capra hircus"], "name": ["Capra hircus"], "authority": ["Capra hircus Linnaeus, 1758"], "synonym": ["Capra aegagrus hircus"], "genbank_common_name": ["goat"]}, "scientific_name": "Capra hircus", "leaf": 0, "name": "Capra hircus", "children": [{"leaf": 1, "name": "Capra hircus cretica", "scientific_name": "Capra hircus cretica", "tags": {"authority": ["Capra hircus cretica Schinz, 1838"], "scientific_name": ["Capra hircus cretica"], "name": ["Capra hircus cretica"]}, "id": "1983724"}], "id": "9925"}