{"leaf": 1, "parent": {"leaf": 0, "scientific_name": "Silurana", "tags": {"synonym": ["Xenopus tropicalis group"], "scientific_name": ["Silurana"], "name": ["Silurana"]}, "id": "8363", "name": "Silurana"}, "scientific_name": "Xenopus tropicalis", "tags": {"authority": ["Silurana tropicalis Gray, 1864", "Xenopus tropicalis (Gray, 1864)"], "name": ["Xenopus tropicalis"], "common_name": ["western clawed frog"], "genbank_common_name": ["tropical clawed frog"], "scientific_name": ["Xenopus tropicalis"], "synonym": ["Silurana tropicalis", "Xenopus laevis tropicalis", "Xenopus (Silurana) tropicalis"]}, "id": "8364", "name": "Xenopus tropicalis"}