{"tags": {"genbank_common_name": ["house mouse"], "authority": ["Mus musculus Linnaeus, 1758"], "common_name": ["mouse"], "includes": ["LK3 transgenic mice", "Mus sp. 129SV", "nude mice", "transgenic mice"], "scientific_name": ["Mus musculus"], "merged_taxon_id": ["85055"], "name": ["Mus musculus"]}, "scientific_name": "Mus musculus", "id": "10090", "name": "Mus musculus", "leaf": 0, "parent": {"tags": {"scientific_name": ["Mus"], "name": ["Mus"], "ensembl_timetree_mya": ["4.5"]}, "id": "862507", "scientific_name": "Mus", "name": "Mus", "leaf": 0}, "children": [{"tags": {"equivalent_name": ["Mus musculus castaneus x Mus musculus domesticus"], "name": ["Mus musculus domesticus x Mus musculus castaneus"], "scientific_name": ["Mus musculus domesticus x Mus musculus castaneus"]}, "scientific_name": "Mus musculus domesticus x Mus musculus castaneus", "id": "3109569", "name": "Mus musculus domesticus x Mus musculus castaneus", "leaf": 1}, {"leaf": 1, "tags": {"authority": ["Mus musculus wagneri Eversmann, 1848"], "synonym": ["M. m. wagneri", "Mus wagneri"], "scientific_name": ["Mus musculus wagneri"], "name": ["Mus musculus wagneri"]}, "scientific_name": "Mus musculus wagneri", "id": "46456", "name": "Mus musculus wagneri"}, {"leaf": 1, "scientific_name": "Mus musculus musculus", "id": "39442", "tags": {"scientific_name": ["Mus musculus musculus"], "name": ["Mus musculus musculus"], "genbank_common_name": ["eastern European house mouse"], "synonym": ["Mus musculus hortulanus"]}, "name": "Mus musculus musculus"}, {"leaf": 1, "id": "116058", "scientific_name": "Mus musculus brevirostris", "tags": {"scientific_name": ["Mus musculus brevirostris"], "name": ["Mus musculus brevirostris"]}, "name": "Mus musculus brevirostris"}, {"name": "Mus musculus gentilulus", "tags": {"scientific_name": ["Mus musculus gentilulus"], "name": ["Mus musculus gentilulus"]}, "id": "80274", "scientific_name": "Mus musculus gentilulus", "leaf": 1}, {"leaf": 1, "id": "1266728", "scientific_name": "Mus musculus domesticus x M. m. molossinus", "tags": {"scientific_name": ["Mus musculus domesticus x M. m. molossinus"], "name": ["Mus musculus domesticus x M. m. molossinus"], "synonym": ["Mus musculus domesticus x Mus musculus molossinus"]}, "name": "Mus musculus domesticus x M. m. molossinus"}, {"leaf": 1, "name": "Mus musculus castaneus", "tags": {"scientific_name": ["Mus musculus castaneus"], "name": ["Mus musculus castaneus"], "genbank_common_name": ["southeastern Asian house mouse"], "authority": ["Mus musculus castaneus Waterhouse, 1843"], "synonym": ["Mus castaneus"]}, "id": "10091", "scientific_name": "Mus musculus castaneus"}, {"tags": {"name": ["Mus musculus musculus x Mus musculus castaneus"], "scientific_name": ["Mus musculus musculus x Mus musculus castaneus"], "synonym": ["Mus musculus castaneus x Mus musculus musculus", "Mus musculus musculus x M. m. castaneus"]}, "id": "477816", "scientific_name": "Mus musculus musculus x Mus musculus castaneus", "name": "Mus musculus musculus x Mus musculus castaneus", "leaf": 1}, {"name": "Mus musculus albula", "id": "947985", "scientific_name": "Mus musculus albula", "tags": {"authority": ["Mus musculus albula Kishida, 1924"], "name": ["Mus musculus albula"], "scientific_name": ["Mus musculus albula"]}, "leaf": 1}, {"leaf": 1, "id": "477815", "scientific_name": "Mus musculus musculus x M. m. domesticus", "tags": {"name": ["Mus musculus musculus x M. m. domesticus"], "scientific_name": ["Mus musculus musculus x M. m. domesticus"]}, "name": "Mus musculus musculus x M. m. domesticus"}, {"leaf": 1, "tags": {"authority": ["Mus musculus helgolandicus Zimmermann, 1953"], "scientific_name": ["Mus musculus helgolandicus"], "name": ["Mus musculus helgolandicus"]}, "scientific_name": "Mus musculus helgolandicus", "id": "1643390", "name": "Mus musculus helgolandicus"}, {"leaf": 1, "name": "Mus musculus homourus", "scientific_name": "Mus musculus homourus", "id": "179238", "tags": {"scientific_name": ["Mus musculus homourus"], "name": ["Mus musculus homourus"]}}, {"scientific_name": "Mus musculus domesticus", "id": "10092", "tags": {"genbank_common_name": ["western European house mouse"], "synonym": ["Mus domesticus", "Mus musculus praetextus", "Mus praetextus"], "authority": ["Mus musculus domesticus Schwarz & Scharz 1943"], "scientific_name": ["Mus musculus domesticus"], "merged_taxon_id": ["210727"], "name": ["Mus musculus domesticus"]}, "name": "Mus musculus domesticus", "leaf": 1}, {"leaf": 1, "name": "Mus musculus gansuensis", "tags": {"name": ["Mus musculus gansuensis"], "scientific_name": ["Mus musculus gansuensis"], "synonym": ["M. m. gansuensis"], "authority": ["Mus musculus gansuensis Satunin, 1902"]}, "scientific_name": "Mus musculus gansuensis", "id": "1385377"}, {"leaf": 1, "id": "57486", "scientific_name": "Mus musculus molossinus", "tags": {"synonym": ["Mus molossinus"], "genbank_common_name": ["Japanese wild mouse"], "name": ["Mus musculus molossinus"], "merged_taxon_id": ["77212"], "scientific_name": ["Mus musculus molossinus"]}, "name": "Mus musculus molossinus"}, {"leaf": 1, "scientific_name": "Mus musculus isatissus", "id": "1879032", "tags": {"name": ["Mus musculus isatissus"], "scientific_name": ["Mus musculus isatissus"], "authority": ["Mus musculus isatissus Shad Hamid et al. 2016"]}, "name": "Mus musculus isatissus"}, {"leaf": 1, "name": "Mus musculus bactrianus", "scientific_name": "Mus musculus bactrianus", "id": "35531", "tags": {"genbank_common_name": ["southwestern Asian house mouse"], "authority": ["Mus musculus bactrianus Blyth, 1846"], "synonym": ["Mus bactrianus"], "scientific_name": ["Mus musculus bactrianus"], "name": ["Mus musculus bactrianus"]}}]}