{"scientific_name": "Kryptolebias marmoratus", "id": "37003", "tags": {"name": ["Kryptolebias marmoratus"], "common_name": ["matanzas rivulus"], "synonym": ["Rivulus marmoratus"], "authority": ["Kryptolebias marmoratus (Poey, 1880)", "Rivulus marmoratus Poey, 1880"], "genbank_common_name": ["mangrove rivulus"], "scientific_name": ["Kryptolebias marmoratus"]}, "leaf": 0, "children": [{"leaf": 1, "tags": {"name": ["Kryptolebias marmoratus heyei"], "authority": ["Kryptolebias marmoratus heyei (Nichols, 1914)"], "scientific_name": ["Kryptolebias marmoratus heyei"]}, "id": "2185112", "scientific_name": "Kryptolebias marmoratus heyei", "name": "Kryptolebias marmoratus heyei"}], "name": "Kryptolebias marmoratus", "parent": {"name": "Kryptolebias", "tags": {"name": ["Kryptolebias"], "scientific_name": ["Kryptolebias"]}, "leaf": 0, "scientific_name": "Kryptolebias", "id": "326431"}}