{"scientific_name": "Larimichthys crocea", "id": "215358", "tags": {"name": ["Larimichthys crocea"], "common_name": ["croceine croaker"], "scientific_name": ["Larimichthys crocea"], "merged_taxon_id": ["117552"], "synonym": ["Pseudosciaena amblyceps", "Pseudosciaena crocea", "Sciaena crocea"], "authority": ["Larimichthys crocea (Richardson, 1846)", "Pseudosciaena amblyceps Bleeker, 1863", "Sciaena crocea Richardson, 1846"], "genbank_common_name": ["large yellow croaker"]}, "name": "Larimichthys crocea", "parent": {"leaf": 0, "scientific_name": "Larimichthys", "id": "215357", "tags": {"synonym": ["Pseudosciaena"], "scientific_name": ["Larimichthys"], "merged_taxon_id": ["117551"], "name": ["Larimichthys"]}, "name": "Larimichthys"}, "leaf": 1}