{"scientific_name": "Gorilla gorilla gorilla", "id": "9595", "tags": {"name": ["Gorilla gorilla gorilla"], "genbank_common_name": ["western lowland gorilla"], "scientific_name": ["Gorilla gorilla gorilla"], "common_name": ["lowland gorilla"]}, "leaf": 1, "parent": {"id": "9593", "scientific_name": "Gorilla gorilla", "leaf": 0, "name": "Gorilla gorilla", "tags": {"synonym": ["Troglodytes gorilla"], "name": ["Gorilla gorilla"], "common_name": ["gorilla"], "scientific_name": ["Gorilla gorilla"], "genbank_common_name": ["western gorilla"], "authority": ["Gorilla gorilla (Savage, 1847)", "Troglodytes gorilla Savage, 1847"]}}, "name": "Gorilla gorilla gorilla"}