{"id": "9615", "scientific_name": "Canis lupus familiaris", "parent": {"scientific_name": "Canis lupus", "id": "9612", "tags": {"name": ["Canis lupus"], "authority": ["Canis lupus Linnaeus, 1758"], "genbank_common_name": ["gray wolf"], "scientific_name": ["Canis lupus"], "ensembl_timetree_mya": ["NO_WORK"], "common_name": ["grey wolf"]}, "name": "Canis lupus", "leaf": 0}, "leaf": 1, "name": "Canis lupus familiaris", "tags": {"name": ["Canis lupus familiaris"], "includes": ["beagle dog", "beagle dogs"], "synonym": ["Canis borealis", "Canis canis", "Canis domesticus", "Canis familiaris", "Canis lupus borealis"], "authority": ["Canis borealis Smith, 1839", "Canis familiaris Linnaeus, 1758", "Canis lupus borealis Smith, 1839", "Canis lupus familiaris Linnaeus, 1758"], "genbank_common_name": ["dog"], "scientific_name": ["Canis lupus familiaris"], "common_name": ["dogs"]}}