{"parent": {"leaf": 0, "name": "Oncorhynchus", "scientific_name": "Oncorhynchus", "id": "8016", "tags": {"scientific_name": ["Oncorhynchus"], "name": ["Oncorhynchus"], "ensembl_timetree_mya": ["15.1"], "synonym": ["Parasalmo"]}}, "leaf": 1, "scientific_name": "Oncorhynchus tshawytscha", "id": "74940", "tags": {"name": ["Oncorhynchus tshawytscha"], "scientific_name": ["Oncorhynchus tshawytscha"], "common_name": ["king salmon"], "merged_taxon_id": ["8026"], "synonym": ["Oncorhynchus tschawytscha", "Salmo tshawytscha"], "authority": ["Oncorhynchus tshawytscha (Walbaum, 1792)", "Salmo tshawytscha Walbaum, 1792"], "genbank_common_name": ["Chinook salmon"]}, "name": "Oncorhynchus tshawytscha"}