{"leaf": 1, "parent": {"leaf": 0, "name": "Microtus", "id": "10053", "scientific_name": "Microtus", "tags": {"name": ["Microtus"], "merged_taxon_id": ["65471"], "scientific_name": ["Microtus"], "includes": ["Pitymys"], "authority": ["Microtus Schrank, 1798"], "genbank_common_name": ["meadow voles"]}}, "name": "Microtus ochrogaster", "tags": {"name": ["Microtus ochrogaster"], "scientific_name": ["Microtus ochrogaster"], "common_name": ["prairie voles"], "authority": ["Hypudaeus ochrogaster Wagner, 1842"], "synonym": ["Hypudaeus ochrogaster"], "genbank_common_name": ["prairie vole"]}, "scientific_name": "Microtus ochrogaster", "id": "79684"}