{"parent": {"leaf": 0, "name": "Laticauda", "scientific_name": "Laticauda", "id": "8627", "tags": {"scientific_name": ["Laticauda"], "name": ["Laticauda"]}}, "leaf": 1, "name": "Laticauda laticaudata", "id": "8630", "scientific_name": "Laticauda laticaudata", "tags": {"common_name": ["black-banded sea krait"], "scientific_name": ["Laticauda laticaudata"], "name": ["Laticauda laticaudata"], "genbank_common_name": ["blue-ringed sea krait"], "synonym": ["Coluber laticaudatus"], "authority": ["Coluber laticaudatus Linnaeus, 1758"]}}