{"leaf": 0, "children": [{"name": "Phascolarctos cinereus victor", "tags": {"scientific_name": ["Phascolarctos cinereus victor"], "name": ["Phascolarctos cinereus victor"]}, "leaf": 1, "scientific_name": "Phascolarctos cinereus victor", "id": "184227"}, {"leaf": 1, "tags": {"name": ["Phascolarctos cinereus adustus"], "scientific_name": ["Phascolarctos cinereus adustus"]}, "id": "184229", "scientific_name": "Phascolarctos cinereus adustus", "name": "Phascolarctos cinereus adustus"}], "tags": {"authority": ["Lipurus cinereus Goldfuss, 1817"], "synonym": ["Lipurus cinereus"], "scientific_name": ["Phascolarctos cinereus"], "genbank_common_name": ["koala"], "name": ["Phascolarctos cinereus"]}, "id": "38626", "scientific_name": "Phascolarctos cinereus", "parent": {"leaf": 0, "tags": {"name": ["Phascolarctos"], "scientific_name": ["Phascolarctos"]}, "id": "38625", "scientific_name": "Phascolarctos", "name": "Phascolarctos"}, "name": "Phascolarctos cinereus"}