{"leaf": 1, "scientific_name": "Myripristis murdjan", "parent": {"tags": {"name": ["Myripristis"], "merged_taxon_id": ["88697"], "scientific_name": ["Myripristis"]}, "id": "47699", "name": "Myripristis", "leaf": 0, "scientific_name": "Myripristis"}, "tags": {"synonym": ["Ostichthys murdjan", "Perca murdjan", "Sciaena murdjan"], "genbank_common_name": ["pinecone soldierfish"], "scientific_name": ["Myripristis murdjan"], "name": ["Myripristis murdjan"], "authority": ["Myripristis murdjan (Fabricius, 1775)", "Sciaena murdjan Fabricius, 1775", "Sciaena murdjan Forsskal, 1775"]}, "name": "Myripristis murdjan", "id": "586833"}