{"leaf": 1, "id": "48698", "parent": {"name": "Poecilia", "tags": {"name": ["Poecilia"], "scientific_name": ["Poecilia"], "ensembl_timetree_mya": ["18.2"]}, "scientific_name": "Poecilia", "id": "8080", "leaf": 0}, "tags": {"genbank_common_name": ["Amazon molly"], "synonym": ["Limia formosa", "Mollienesia formosa"], "authority": ["Limia formosa Girard, 1859", "Poecilia formosa (Girard, 1859)"], "scientific_name": ["Poecilia formosa"], "name": ["Poecilia formosa"]}, "scientific_name": "Poecilia formosa", "name": "Poecilia formosa"}