{"name": "Ovis aries", "leaf": 0, "parent": {"scientific_name": "Ovis", "tags": {"scientific_name": ["Ovis"], "name": ["Ovis"]}, "name": "Ovis", "leaf": 0, "id": "9935"}, "tags": {"common_name": ["domestic sheep", "lambs", "wild sheep"], "authority": ["Ovis aries Linnaeus, 1758"], "genbank_common_name": ["sheep"], "synonym": ["Ovis ammon aries", "Ovis orientalis aries", "Ovis ovis"], "merged_taxon_id": ["9936"], "name": ["Ovis aries"], "scientific_name": ["Ovis aries"]}, "scientific_name": "Ovis aries", "children": [{"id": "30528", "scientific_name": "Ovis aries platyura", "tags": {"synonym": ["Ovis platyurea"], "authority": ["Ovis aries platyura Pallas, 1794"], "scientific_name": ["Ovis aries platyura"], "name": ["Ovis aries platyura"]}, "name": "Ovis aries platyura", "leaf": 1}, {"tags": {"scientific_name": ["Ovis aries musimon"], "name": ["Ovis aries musimon"], "genbank_common_name": ["mouflon"], "synonym": ["Ovis ammon musimon", "Ovis aries mufflon", "Ovis gmelini musimon", "Ovis gmelini", "Ovis musimon", "Ovis orientalis musimon"], "authority": ["Ovis aries musimon (Pallas, 1811)"]}, "scientific_name": "Ovis aries musimon", "leaf": 1, "name": "Ovis aries musimon", "id": "9938"}], "id": "9940"}