{"id": "7998", "scientific_name": "Ictalurus punctatus", "tags": {"scientific_name": ["Ictalurus punctatus"], "merged_taxon_id": ["1128652"], "name": ["Ictalurus punctatus"], "genbank_common_name": ["channel catfish"], "synonym": ["Silurus punctatus"], "authority": ["Ictalurus punctatus (Rafinesque, 1818)", "Silurus punctatus Rafinesque, 1818"]}, "name": "Ictalurus punctatus", "parent": {"leaf": 0, "scientific_name": "Ictalurus", "id": "7997", "tags": {"name": ["Ictalurus"], "scientific_name": ["Ictalurus"]}, "name": "Ictalurus"}, "leaf": 1}