{"leaf": 1, "id": "9685", "parent": {"tags": {"name": ["Felis"], "scientific_name": ["Felis"]}, "scientific_name": "Felis", "name": "Felis", "leaf": 0, "id": "9682"}, "scientific_name": "Felis catus", "tags": {"merged_taxon_id": ["36475"], "includes": ["Korat cats"], "genbank_common_name": ["domestic cat"], "name": ["Felis catus"], "authority": ["Felis catus Linnaeus, 1758", "Korat cats L."], "synonym": ["Felis domesticus", "Felis silvestris catus"], "scientific_name": ["Felis catus"], "common_name": ["cat", "cats"]}, "name": "Felis catus"}