{"id": "8508", "leaf": 1, "name": "Sphenodon punctatus", "scientific_name": "Sphenodon punctatus", "parent": {"id": "8507", "name": "Sphenodon", "leaf": 0, "scientific_name": "Sphenodon", "tags": {"name": ["Sphenodon"], "scientific_name": ["Sphenodon"]}}, "tags": {"name": ["Sphenodon punctatus"], "scientific_name": ["Sphenodon punctatus"], "type_material": ["BMNH 1946.1.22.3"], "authority": ["Hatteria punctata Gray, 1842", "Sphenodon punctatus (Gray, 1842)"], "common_name": ["hatteria"], "genbank_common_name": ["tuatara"], "synonym": ["Hatteria punctata"]}}