{"parent": {"leaf": 0, "name": "Mus", "scientific_name": "Mus", "id": "862507", "tags": {"ensembl_timetree_mya": ["4.5"], "name": ["Mus"], "scientific_name": ["Mus"]}}, "leaf": 1, "id": "10089", "scientific_name": "Mus caroli", "tags": {"authority": ["Mus caroli Bonhote, 1902", "Mus formosanus Kuroda, 1925"], "synonym": ["Mus formosanus"], "genbank_common_name": ["Ryukyu mouse"], "name": ["Mus caroli"], "common_name": ["ricefield mouse"], "scientific_name": ["Mus caroli"]}, "name": "Mus caroli"}