{"scientific_name": "Rattus norvegicus", "children": [{"scientific_name": "Rattus norvegicus albus", "id": "947987", "tags": {"name": ["Rattus norvegicus albus"], "authority": ["Rattus norvegicus albus Hatai, 1907"], "scientific_name": ["Rattus norvegicus albus"]}, "leaf": 1, "name": "Rattus norvegicus albus"}], "id": "10116", "tags": {"common_name": ["brown rat", "rat", "rats"], "scientific_name": ["Rattus norvegicus"], "genbank_common_name": ["Norway rat"], "synonym": ["Mus norvegicus"], "merged_taxon_id": ["36465"], "authority": ["Mus norvegicus Berkenhout, 1769"], "includes": ["Buffalo rat", "laboratory rat", "Rattus PC12 clone IS", "Rattus sp. strain Wistar", "Sprague-Dawley rat", "Wistar rats", "zitter rats"], "name": ["Rattus norvegicus"]}, "name": "Rattus norvegicus", "parent": {"tags": {"name": ["Rattus"], "common_name": ["rat", "rats"], "scientific_name": ["Rattus"]}, "name": "Rattus", "leaf": 0, "scientific_name": "Rattus", "id": "10114"}, "leaf": 0}