{"children": [{"name": "Vulpes vulpes montana", "scientific_name": "Vulpes vulpes montana", "tags": {"authority": ["Vulpes vulpes montana (Pearson, 1836)"], "genbank_common_name": ["hill fox"], "scientific_name": ["Vulpes vulpes montana"], "name": ["Vulpes vulpes montana"]}, "id": "1398410", "leaf": 1}, {"id": "1353242", "leaf": 1, "name": "Vulpes vulpes schrenckii", "scientific_name": "Vulpes vulpes schrenckii", "tags": {"name": ["Vulpes vulpes schrenckii"], "scientific_name": ["Vulpes vulpes schrenckii"], "genbank_common_name": ["Sakhalin fox"], "synonym": ["Vulpes vulpes schrencki"], "authority": ["Vulpes vulpes schrenckii Kishida, 1924"]}}, {"tags": {"name": ["Vulpes vulpes fulvus"], "scientific_name": ["Vulpes vulpes fulvus"], "authority": ["Vulpes vulpes fulvus (Desmarest, 1820)"], "genbank_common_name": ["American red fox"], "synonym": ["Vulpes fulva"]}, "scientific_name": "Vulpes vulpes fulvus", "name": "Vulpes vulpes fulvus", "leaf": 1, "id": "1504800"}, {"leaf": 1, "id": "476260", "scientific_name": "Vulpes vulpes japonica", "tags": {"genbank_common_name": ["Japanese fox"], "synonym": ["Vulpes vulpes subsp. japonica"], "name": ["Vulpes vulpes japonica"], "scientific_name": ["Vulpes vulpes japonica"]}, "name": "Vulpes vulpes japonica"}], "leaf": 0, "id": "9627", "scientific_name": "Vulpes vulpes", "parent": {"id": "9625", "leaf": 0, "name": "Vulpes", "tags": {"includes": ["Alopex"], "synonym": ["Fennecus"], "merged_taxon_id": ["9609", "68731"], "name": ["Vulpes"], "scientific_name": ["Vulpes"]}, "scientific_name": "Vulpes"}, "tags": {"scientific_name": ["Vulpes vulpes"], "name": ["Vulpes vulpes"], "common_name": ["silver fox"], "authority": ["Canis vulpes Linnaeus, 1758", "Vulpes vulpes (Linnaeus, 1758)"], "merged_taxon_id": ["9628"], "genbank_common_name": ["red fox"], "synonym": ["Canis vulpes"]}, "name": "Vulpes vulpes"}