{"name": "Ciona intestinalis", "parent": {"name": "Ciona", "tags": {"name": ["Ciona"], "scientific_name": ["Ciona"], "ensembl_alias_name": ["Ciona sea squirts"], "ensembl_timetree_mya": ["NO_WORK"]}, "scientific_name": "Ciona", "id": "7718", "leaf": 0}, "tags": {"common_name": ["sea vase", "yellow sea squirt"], "name": ["Ciona intestinalis"], "scientific_name": ["Ciona intestinalis"], "genbank_common_name": ["vase tunicate"], "synonym": ["Ascidia intestinalis"], "authority": ["Ciona intestinalis (Linnaeus, 1767)"]}, "scientific_name": "Ciona intestinalis", "id": "7719", "children": [{"name": "Ciona intestinalis B CG-2006", "scientific_name": "Ciona intestinalis B CG-2006", "tags": {"scientific_name": ["Ciona intestinalis B CG-2006"], "name": ["Ciona intestinalis B CG-2006"]}, "id": "413601", "leaf": 1}], "leaf": 0}