{"name": "Gadus morhua", "id": "8049", "children": [{"leaf": 1, "scientific_name": "Gadus morhua 'NEAC'", "tags": {"name": ["Gadus morhua 'NEAC'"], "scientific_name": ["Gadus morhua 'NEAC'"]}, "name": "Gadus morhua 'NEAC'", "id": "328276"}, {"id": "8053", "name": "Gadus morhua callarias", "tags": {"authority": ["Gadus callarias Linnaeus, 1758", "Gadus morhua callarias Linnaeus, 1758"], "name": ["Gadus morhua callarias"], "genbank_common_name": ["Baltic cod"], "scientific_name": ["Gadus morhua callarias"], "synonym": ["Gadus callarias", "Gadus morhua cakarias"]}, "scientific_name": "Gadus morhua callarias", "leaf": 1}, {"scientific_name": "Gadus morhua 'NCC'", "leaf": 1, "id": "328277", "name": "Gadus morhua 'NCC'", "tags": {"scientific_name": ["Gadus morhua 'NCC'"], "name": ["Gadus morhua 'NCC'"]}}, {"id": "1617256", "name": "Gadus morhua kildinensis", "tags": {"name": ["Gadus morhua kildinensis"], "authority": ["Gadus morhua kildinensis Derjugin, 1920"], "scientific_name": ["Gadus morhua kildinensis"]}, "scientific_name": "Gadus morhua kildinensis", "leaf": 1}], "tags": {"genbank_common_name": ["Atlantic cod"], "scientific_name": ["Gadus morhua"], "authority": ["Gadus morhua Linnaeus, 1758"], "name": ["Gadus morhua"]}, "parent": {"tags": {"name": ["Gadus"], "synonym": ["Theragra"], "scientific_name": ["Gadus"], "merged_taxon_id": ["48549"]}, "name": "Gadus", "id": "8048", "leaf": 0, "scientific_name": "Gadus"}, "scientific_name": "Gadus morhua", "leaf": 0}