{"id": "630221", "scientific_name": "Cyprinus carpio carpio", "parent": {"tags": {"authority": ["Cyprinus carpio Linnaeus, 1758"], "genbank_common_name": ["common carp"], "scientific_name": ["Cyprinus carpio"], "common_name": ["carp", "fancy carp", "koi", "mirror carp"], "name": ["Cyprinus carpio"]}, "leaf": 0, "name": "Cyprinus carpio", "scientific_name": "Cyprinus carpio", "id": "7962"}, "leaf": 1, "name": "Cyprinus carpio carpio", "tags": {"name": ["Cyprinus carpio carpio"], "scientific_name": ["Cyprinus carpio carpio"], "authority": ["Cyprinus carpio carpio Linnaeus, 1758"]}}