{"tags": {"scientific_name": ["Neolamprologus brichardi"], "synonym": ["Lamprologus brichardi"], "name": ["Neolamprologus brichardi"], "authority": ["Neolamprologus brichardi (Poll, 1974)"], "common_name": ["lyretail cichlid"]}, "name": "Neolamprologus brichardi", "id": "32507", "leaf": 1, "parent": {"leaf": 0, "scientific_name": "Neolamprologus", "tags": {"name": ["Neolamprologus"], "merged_taxon_id": ["299340"], "scientific_name": ["Neolamprologus"], "synonym": ["Palaeolamprologus"]}, "name": "Neolamprologus", "id": "32506"}, "scientific_name": "Neolamprologus brichardi"}