{"name": "Heterocephalus glaber", "tags": {"genbank_common_name": ["naked mole-rat"], "authority": ["Heterocephalus glaber Ruppell, 1842"], "scientific_name": ["Heterocephalus glaber"], "common_name": ["naked mole rat"], "name": ["Heterocephalus glaber"]}, "parent": {"scientific_name": "Heterocephalus", "tags": {"scientific_name": ["Heterocephalus"], "name": ["Heterocephalus"]}, "name": "Heterocephalus", "leaf": 0, "id": "10180"}, "scientific_name": "Heterocephalus glaber", "id": "10181", "leaf": 1}