{"tags": {"authority": ["Sus scrofa Linnaeus, 1758"], "genbank_common_name": ["pig"], "scientific_name": ["Sus scrofa"], "common_name": ["pigs", "swine", "wild boar"], "name": ["Sus scrofa"]}, "parent": {"name": "Sus", "leaf": 0, "tags": {"name": ["Sus"], "scientific_name": ["Sus"]}, "id": "9822", "scientific_name": "Sus"}, "leaf": 0, "name": "Sus scrofa", "children": [{"id": "490583", "scientific_name": "Sus scrofa ussuricus", "leaf": 1, "name": "Sus scrofa ussuricus", "tags": {"scientific_name": ["Sus scrofa ussuricus"], "name": ["Sus scrofa ussuricus"]}}, {"id": "309914", "scientific_name": "Sus scrofa papuensis", "name": "Sus scrofa papuensis", "leaf": 1, "tags": {"name": ["Sus scrofa papuensis"], "synonym": ["Sus papuensis"], "scientific_name": ["Sus scrofa papuensis"]}}, {"id": "375578", "scientific_name": "Sus scrofa leucomystax", "leaf": 1, "name": "Sus scrofa leucomystax", "tags": {"name": ["Sus scrofa leucomystax"], "scientific_name": ["Sus scrofa leucomystax"]}}, {"id": "1611880", "scientific_name": "Sus scrofa majori", "name": "Sus scrofa majori", "leaf": 1, "tags": {"authority": ["Sus scrofa majori De Beaux & Festa, 1927"], "scientific_name": ["Sus scrofa majori"], "name": ["Sus scrofa majori"]}}, {"id": "9825", "scientific_name": "Sus scrofa domesticus", "name": "Sus scrofa domesticus", "leaf": 1, "tags": {"synonym": ["Sus domestica", "Sus domesticus", "Sus scrofa domestica"], "name": ["Sus scrofa domesticus"], "scientific_name": ["Sus scrofa domesticus"], "genbank_common_name": ["domestic pig"]}}, {"leaf": 1, "name": "Sus scrofa cristatus", "tags": {"scientific_name": ["Sus scrofa cristatus"], "name": ["Sus scrofa cristatus"], "synonym": ["Sus cristatus"]}, "id": "309913", "scientific_name": "Sus scrofa cristatus"}, {"id": "291050", "scientific_name": "Sus scrofa coreanus", "name": "Sus scrofa coreanus", "leaf": 1, "tags": {"scientific_name": ["Sus scrofa coreanus"], "name": ["Sus scrofa coreanus"]}}, {"name": "Sus scrofa andamensis", "leaf": 1, "tags": {"scientific_name": ["Sus scrofa andamensis"], "name": ["Sus scrofa andamensis"]}, "id": "310260", "scientific_name": "Sus scrofa andamensis"}, {"scientific_name": "Sus scrofa vittatus", "id": "2485929", "tags": {"name": ["Sus scrofa vittatus"], "scientific_name": ["Sus scrofa vittatus"], "authority": ["Sus scrofa vittatus Boie, 1828"]}, "leaf": 1, "name": "Sus scrofa vittatus"}, {"leaf": 1, "name": "Sus scrofa lybicus", "tags": {"authority": ["Sus scrofa lybicus Gray, 1868"], "scientific_name": ["Sus scrofa lybicus"], "name": ["Sus scrofa lybicus"]}, "id": "1611879", "scientific_name": "Sus scrofa lybicus"}, {"scientific_name": "Sus scrofa scrofa", "id": "415978", "tags": {"scientific_name": ["Sus scrofa scrofa"], "name": ["Sus scrofa scrofa"]}, "leaf": 1, "name": "Sus scrofa scrofa"}, {"leaf": 1, "name": "Sus scrofa meridionalis", "tags": {"name": ["Sus scrofa meridionalis"], "scientific_name": ["Sus scrofa meridionalis"], "authority": ["Sus scrofa meridionalis Forsyth Major, 1882"]}, "id": "1611878", "scientific_name": "Sus scrofa meridionalis"}, {"leaf": 1, "name": "Sus scrofa taivanus", "tags": {"name": ["Sus scrofa taivanus"], "synonym": ["Sus scrofa taiwanensis"], "authority": ["Sus scrofa taivanus Swinhoe, 1863"], "scientific_name": ["Sus scrofa taivanus"], "common_name": ["Taiwan pig"]}, "id": "310261", "scientific_name": "Sus scrofa taivanus"}, {"leaf": 1, "name": "Sus scrofa affinis", "tags": {"name": ["Sus scrofa affinis"], "scientific_name": ["Sus scrofa affinis"], "authority": ["Sus scrofa affinis Gray, 1847"]}, "id": "1170810", "scientific_name": "Sus scrofa affinis"}, {"tags": {"name": ["Sus scrofa riukiuanus"], "scientific_name": ["Sus scrofa riukiuanus"]}, "name": "Sus scrofa riukiuanus", "leaf": 1, "scientific_name": "Sus scrofa riukiuanus", "id": "375579"}], "scientific_name": "Sus scrofa", "id": "9823"}