{"children": [{"tags": {"authority": ["Dipodomys ordii columbianus (Merriam, 1894)"], "scientific_name": ["Dipodomys ordii columbianus"], "name": ["Dipodomys ordii columbianus"]}, "leaf": 1, "name": "Dipodomys ordii columbianus", "scientific_name": "Dipodomys ordii columbianus", "id": "1258737"}], "scientific_name": "Dipodomys ordii", "id": "10020", "tags": {"genbank_common_name": ["Ord's kangaroo rat"], "authority": ["Dipodomys ordii Woodhouse, 1853"], "scientific_name": ["Dipodomys ordii"], "name": ["Dipodomys ordii"]}, "leaf": 0, "parent": {"id": "10016", "scientific_name": "Dipodomys", "leaf": 0, "name": "Dipodomys", "tags": {"scientific_name": ["Dipodomys"], "authority": ["Dipodomys Gray, 1841"], "genbank_common_name": ["kangaroo rats"], "name": ["Dipodomys"]}}, "name": "Dipodomys ordii"}