{"parent": {"name": "Rhinopithecus", "id": "542827", "tags": {"name": ["Rhinopithecus"], "ensembl_timetree_mya": ["2.2"], "scientific_name": ["Rhinopithecus"]}, "scientific_name": "Rhinopithecus", "leaf": 0}, "scientific_name": "Rhinopithecus roxellana", "leaf": 1, "name": "Rhinopithecus roxellana", "id": "61622", "tags": {"authority": ["Rhinopithecus roxellana (Milne-Edwards, 1870)", "Semnopithecus roxellana Milne-Edwards, 1870"], "name": ["Rhinopithecus roxellana"], "scientific_name": ["Rhinopithecus roxellana"], "genbank_common_name": ["golden snub-nosed monkey"], "merged_taxon_id": ["101279"], "synonym": ["Pygathrix roxellana", "Semnopithecus roxellana"]}}