{"id": "9913", "name": "Bos taurus", "leaf": 1, "parent": {"id": "9903", "name": "Bos", "leaf": 0, "scientific_name": "Bos", "tags": {"scientific_name": ["Bos"], "name": ["Bos"], "ensembl_timetree_mya": ["0.6"], "genbank_common_name": ["cattle"]}}, "tags": {"merged_taxon_id": ["272461"], "includes": ["Bovidae sp. Adi Nefas"], "common_name": ["bovine", "cow", "dairy cow", "domestic cow", "ox"], "scientific_name": ["Bos taurus"], "name": ["Bos taurus"], "authority": ["Bos taurus Linnaeus, 1758"], "synonym": ["Bos bovis", "Bos primigenius taurus"], "genbank_common_name": ["domestic cattle"]}, "scientific_name": "Bos taurus"}