{"id": "10103", "name": "Mus spicilegus", "tags": {"name": ["Mus spicilegus"], "authority": ["Mus spicilegus Petenyi, 1882"], "common_name": ["mound-building mouse"], "merged_taxon_id": ["10109"], "genbank_common_name": ["steppe mouse"], "scientific_name": ["Mus spicilegus"], "synonym": ["Mus hortulanus"]}, "scientific_name": "Mus spicilegus", "parent": {"scientific_name": "Mus", "leaf": 0, "id": "862507", "name": "Mus", "tags": {"ensembl_timetree_mya": ["4.5"], "name": ["Mus"], "scientific_name": ["Mus"]}}, "leaf": 1}