{"tags": {"name": ["Crocodylus porosus"], "common_name": ["estuarine crocodile"], "type_material": ["ZMB 278"], "scientific_name": ["Crocodylus porosus"], "genbank_common_name": ["Australian saltwater crocodile"], "authority": ["Crocodylus porosus Schneider, 1801"]}, "name": "Crocodylus porosus", "parent": {"scientific_name": "Crocodylus", "id": "8500", "tags": {"scientific_name": ["Crocodylus"], "name": ["Crocodylus"]}, "name": "Crocodylus", "leaf": 0}, "leaf": 1, "scientific_name": "Crocodylus porosus", "id": "8502"}