{"id": "51511", "tags": {"scientific_name": ["Ciona savignyi"], "name": ["Ciona savignyi"], "authority": ["Ciona savignyi Herdman, 1882"], "common_name": ["transparent tunicate"], "genbank_common_name": ["Pacific transparent sea squirt"]}, "parent": {"id": "7718", "name": "Ciona", "leaf": 0, "scientific_name": "Ciona", "tags": {"ensembl_timetree_mya": ["NO_WORK"], "ensembl_alias_name": ["Ciona sea squirts"], "scientific_name": ["Ciona"], "name": ["Ciona"]}}, "scientific_name": "Ciona savignyi", "name": "Ciona savignyi", "leaf": 1}