{"parent": {"id": "9360", "scientific_name": "Dasypus", "leaf": 0, "tags": {"name": ["Dasypus"], "scientific_name": ["Dasypus"]}, "name": "Dasypus"}, "name": "Dasypus novemcinctus", "leaf": 0, "children": [{"id": "3079501", "scientific_name": "Dasypus novemcinctus fenestratus", "leaf": 1, "tags": {"scientific_name": ["Dasypus novemcinctus fenestratus"], "authority": ["Dasypus novemcinctus fenestratus Peters, 1864"], "name": ["Dasypus novemcinctus fenestratus"]}, "name": "Dasypus novemcinctus fenestratus"}, {"id": "2885769", "scientific_name": "Dasypus novemcinctus hoplites", "leaf": 1, "tags": {"name": ["Dasypus novemcinctus hoplites"], "authority": ["Dasypus novemcinctus hoplites Allen, 1911"], "scientific_name": ["Dasypus novemcinctus hoplites"]}, "name": "Dasypus novemcinctus hoplites"}, {"name": "Dasypus novemcinctus mexicanus", "scientific_name": "Dasypus novemcinctus mexicanus", "id": "2885768", "tags": {"authority": ["Dasypus novemcinctus mexicanus Peters, 1864"], "scientific_name": ["Dasypus novemcinctus mexicanus"], "name": ["Dasypus novemcinctus mexicanus"]}, "leaf": 1}], "tags": {"scientific_name": ["Dasypus novemcinctus"], "genbank_common_name": ["nine-banded armadillo"], "authority": ["Dasypus novemcinctus Linnaeus, 1758"], "name": ["Dasypus novemcinctus"]}, "id": "9361", "scientific_name": "Dasypus novemcinctus"}