{"name": "Cercocebus atys", "scientific_name": "Cercocebus atys", "id": "9531", "tags": {"authority": ["Cercocebus atys (Audebert, 1797)", "Simia atys Audebert, 1797"], "synonym": ["Cercocebus torquatus atys", "Simia atys"], "genbank_common_name": ["sooty mangabey"], "name": ["Cercocebus atys"], "scientific_name": ["Cercocebus atys"]}, "parent": {"tags": {"authority": ["Cercocebus E. Geoffroy, 1812"], "scientific_name": ["Cercocebus"], "name": ["Cercocebus"]}, "scientific_name": "Cercocebus", "id": "9529", "name": "Cercocebus", "leaf": 0}, "children": [{"leaf": 1, "name": "Cercocebus atys lunulatus", "tags": {"name": ["Cercocebus atys lunulatus"], "scientific_name": ["Cercocebus atys lunulatus"], "authority": ["Cercocebus torquatus lunulatus (Temminick, 1853)"], "synonym": ["Cercocebus torquatus lunulatus"]}, "id": "75570", "scientific_name": "Cercocebus atys lunulatus"}, {"name": "Cercocebus atys atys", "tags": {"scientific_name": ["Cercocebus atys atys"], "name": ["Cercocebus atys atys"]}, "scientific_name": "Cercocebus atys atys", "id": "1592215", "leaf": 1}], "leaf": 0}