{"id": "9999", "children": [{"id": "99853", "scientific_name": "Urocitellus parryii plesius", "leaf": 1, "name": "Urocitellus parryii plesius", "tags": {"name": ["Urocitellus parryii plesius"], "synonym": ["Spermophilus parryi plesius"], "scientific_name": ["Urocitellus parryii plesius"]}}, {"tags": {"scientific_name": ["Urocitellus parryii ablusus"], "name": ["Urocitellus parryii ablusus"], "synonym": ["Spermophilus parryii ablusus"]}, "leaf": 1, "name": "Urocitellus parryii ablusus", "scientific_name": "Urocitellus parryii ablusus", "id": "259021"}, {"scientific_name": "Urocitellus parryii kennicottii", "id": "259022", "tags": {"name": ["Urocitellus parryii kennicottii"], "synonym": ["Spermophilus parryii kennicotti"], "merged_taxon_id": ["99852"], "authority": ["Urocitellus parryii kennicottii (Ross, 1861)"], "scientific_name": ["Urocitellus parryii kennicottii"]}, "name": "Urocitellus parryii kennicottii", "leaf": 1}, {"tags": {"authority": ["Urocitellus parryii leucostictus Brandt, 1844"], "scientific_name": ["Urocitellus parryii leucostictus"], "name": ["Urocitellus parryii leucostictus"]}, "leaf": 1, "name": "Urocitellus parryii leucostictus", "scientific_name": "Urocitellus parryii leucostictus", "id": "1858681"}, {"tags": {"synonym": ["Spermophilus parryii lyratus"], "name": ["Urocitellus parryii lyratus"], "scientific_name": ["Urocitellus parryii lyratus"]}, "name": "Urocitellus parryii lyratus", "leaf": 1, "scientific_name": "Urocitellus parryii lyratus", "id": "259024"}, {"scientific_name": "Urocitellus parryii kodiacensis", "id": "259023", "tags": {"scientific_name": ["Urocitellus parryii kodiacensis"], "name": ["Urocitellus parryii kodiacensis"], "synonym": ["Spermophilus parryii kodiacensis"]}, "name": "Urocitellus parryii kodiacensis", "leaf": 1}, {"scientific_name": "Urocitellus parryii stejnegeri", "id": "1858684", "tags": {"name": ["Urocitellus parryii stejnegeri"], "authority": ["Urocitellus parryii stejnegeri (J.D. Allen, 1903)"], "scientific_name": ["Urocitellus parryii stejnegeri"]}, "leaf": 1, "name": "Urocitellus parryii stejnegeri"}, {"tags": {"name": ["Urocitellus parryii osgoodi"], "scientific_name": ["Urocitellus parryii osgoodi"], "authority": ["Urocitellus parryii osgoodi Merriam, 1900"]}, "name": "Urocitellus parryii osgoodi", "leaf": 1, "scientific_name": "Urocitellus parryii osgoodi", "id": "1858682"}, {"tags": {"scientific_name": ["Urocitellus parryii parryii"], "name": ["Urocitellus parryii parryii"]}, "leaf": 1, "name": "Urocitellus parryii parryii", "scientific_name": "Urocitellus parryii parryii", "id": "1858683"}, {"name": "Urocitellus parryii nebulicola", "leaf": 1, "tags": {"name": ["Urocitellus parryii nebulicola"], "synonym": ["Spermophilus parryii nebulicola"], "scientific_name": ["Urocitellus parryii nebulicola"]}, "id": "259025", "scientific_name": "Urocitellus parryii nebulicola"}], "scientific_name": "Urocitellus parryii", "parent": {"name": "Urocitellus", "leaf": 0, "tags": {"name": ["Urocitellus"], "authority": ["Urocitellus Obolenskij, 1927"], "genbank_common_name": ["holartic ground squirrels"], "scientific_name": ["Urocitellus"]}, "id": "1141645", "scientific_name": "Urocitellus"}, "leaf": 0, "name": "Urocitellus parryii", "tags": {"genbank_common_name": ["Arctic ground squirrel"], "merged_taxon_id": ["99851"], "scientific_name": ["Urocitellus parryii"], "name": ["Urocitellus parryii"], "synonym": ["Citellus parryii", "Spermophilus parryii", "Spermophilus parryi"]}}