{"scientific_name": "Astyanax mexicanus", "id": "7994", "tags": {"scientific_name": ["Astyanax mexicanus"], "genbank_common_name": ["Mexican tetra"], "authority": ["Astyanax mexicanus (De Filippi, 1853)", "Tetragonopterus mexicanus De Filippi, 1853"], "common_name": ["blind cave fish"], "synonym": ["Tetragonopterus mexicanus"], "name": ["Astyanax mexicanus"]}, "leaf": 1, "name": "Astyanax mexicanus", "parent": {"name": "Astyanax", "scientific_name": "Astyanax", "id": "7993", "tags": {"name": ["Astyanax"], "scientific_name": ["Astyanax"]}, "leaf": 0}}