{"scientific_name": "Nomascus leucogenys", "id": "61853", "tags": {"synonym": ["Hylobates concolor leucogenys", "Hylobates concolor leucogyneus", "Hylobates leucogenys leucogenys", "Hylobates leucogenys", "Nomascus leucogenys leucogenys", "Nomascus leukogenys"], "name": ["Nomascus leucogenys"], "common_name": ["White-cheeked Gibbon"], "scientific_name": ["Nomascus leucogenys"], "genbank_common_name": ["northern white-cheeked gibbon"], "merged_taxon_id": ["9585", "101280", "164929"], "authority": ["Hylobates leucogenys Ogilby, 1840"]}, "name": "Nomascus leucogenys", "parent": {"name": "Nomascus", "leaf": 0, "tags": {"name": ["Nomascus"], "scientific_name": ["Nomascus"]}, "id": "325165", "scientific_name": "Nomascus"}, "leaf": 1}