{"name": "Scophthalmus maximus", "parent": {"name": "Scophthalmus", "tags": {"scientific_name": ["Scophthalmus"], "name": ["Scophthalmus"], "merged_taxon_id": ["77700"], "synonym": ["Psetta"]}, "scientific_name": "Scophthalmus", "id": "52903", "leaf": 0}, "tags": {"name": ["Scophthalmus maximus"], "scientific_name": ["Scophthalmus maximus"], "authority": ["Psetta maxima (Linnaeus, 1758)", "Scophthalmus maximus (Linnaeus, 1758)"], "merged_taxon_id": ["77701"], "genbank_common_name": ["turbot"], "synonym": ["Pleuronectes maximus", "Psetta maxima", "Rhombus maximus"]}, "scientific_name": "Scophthalmus maximus", "id": "52904", "leaf": 1}