{"scientific_name": "Lates calcarifer", "id": "8187", "tags": {"common_name": ["Asian seabass", "barramundi"], "synonym": ["Holocentrus calcarifer"], "authority": ["Holocentrus calcarifer Bloch, 1790", "Lates calcarifer (Bloch, 1790)"], "genbank_common_name": ["barramundi perch"], "scientific_name": ["Lates calcarifer"], "name": ["Lates calcarifer"]}, "leaf": 1, "name": "Lates calcarifer", "parent": {"name": "Lates", "scientific_name": "Lates", "id": "8186", "tags": {"scientific_name": ["Lates"], "name": ["Lates"]}, "leaf": 0}}