{"id": "84702", "leaf": 1, "name": "Cervus hanglu yarkandensis", "parent": {"tags": {"name": ["Cervus hanglu"], "scientific_name": ["Cervus hanglu"], "authority": ["Cervus hanglu Wagner, 1844"], "genbank_common_name": ["Central Asian red deer"]}, "scientific_name": "Cervus hanglu", "name": "Cervus hanglu", "leaf": 0, "id": "2100816"}, "tags": {"name": ["Cervus hanglu yarkandensis"], "scientific_name": ["Cervus hanglu yarkandensis"], "authority": ["Cervus hanglu yarkandensis (Lydekker, 1900)"], "genbank_common_name": ["Yarkand deer"], "synonym": ["Cervus elaphus yarkandensis"]}, "scientific_name": "Cervus hanglu yarkandensis"}