species,bio_cluster,ml_label
gorilla gorilla,0,1.0
callithrix jacchus,0,0.0
cercocebus atys,0,0.0
mandrillus leucophaeus,0,0.0
jaculus jaculus,0,0.0
sus scrofa,0,1.0
rhinolophus ferrumequinum,0,0.0
mus spicilegus,1,1.0
rattus norvegicus,1,1.0
nannospalax galili,0,0.0
otolemur garnettii,0,0.0
carlito syrichta,0,0.0
propithecus coquereli,0,0.0
microcebus murinus,0,0.0
oryctolagus cuniculus,0,0.0
sciurus vulgaris,0,0.0
saimiri boliviensis boliviensis,0,0.0
cebus imitator,0,0.0
nomascus leucogenys,0,0.0
marmota marmota marmota,0,0.0
ictidomys tridecemlineatus,0,0.0
urocitellus parryii,0,0.0
macaca mulatta,0,1.0
pongo abelii,0,0.0
sp,0,
pan paniscus,0,1.0
pan troglodytes,0,1.0
rhinopithecus roxellana,0,0.0
rhinopithecus bieti,0,0.0
papio anubis,0,0.0
macaca fascicularis,0,1.0
chlorocebus sabaeus,0,0.0
delphinapterus leucas,0,1.0
neovison vison,0,1.0
camelus dromedarius,0,0.0
canis lupus familiaris,0,1.0
canis lupus dingo,0,1.0
ursus maritimus,0,1.0
equus asinus,0,1.0
ursus americanus,0,1.0
catagonus wagneri,0,0.0
bos grunniens,0,1.0
bos mutus,0,1.0
panthera leo,0,1.0
panthera pardus,0,1.0
physeter catodon,0,0.0
monodon monoceros,0,0.0
phocoena sinus,0,0.0
balaenoptera musculus,0,1.0
tursiops truncatus,0,0.0
