{
  "model": "LogReg",
  "cv": [
    {
      "fold": 1,
      "accuracy": 0.7,
      "precision": 0.6666666666666666,
      "recall": 0.5,
      "f1": 0.5714285714285714,
      "roc_auc": 0.45833333333333337
    },
    {
      "fold": 2,
      "accuracy": 0.7,
      "precision": 1.0,
      "recall": 0.25,
      "f1": 0.4,
      "roc_auc": 0.875
    },
    {
      "fold": 3,
      "accuracy": 0.7,
      "precision": 0.6666666666666666,
      "recall": 0.5,
      "f1": 0.5714285714285714,
      "roc_auc": 0.6875
    },
    {
      "fold": 4,
      "accuracy": 0.6,
      "precision": 0.5,
      "recall": 0.25,
      "f1": 0.3333333333333333,
      "roc_auc": 0.5833333333333334
    },
    {
      "fold": 5,
      "accuracy": 0.6666666666666666,
      "precision": 1.0,
      "recall": 0.25,
      "f1": 0.4,
      "roc_auc": 0.6500000000000001
    }
  ],
  "summary": {
    "accuracy": {
      "mean": 0.6733333333333332,
      "std": 0.04346134936801765
    },
    "precision": {
      "mean": 0.7666666666666666,
      "std": 0.22360679774997896
    },
    "recall": {
      "mean": 0.35,
      "std": 0.13693063937629152
    },
    "f1": {
      "mean": 0.4552380952380952,
      "std": 0.10950310363279853
    },
    "roc_auc": {
      "mean": 0.6508333333333335,
      "std": 0.1526501992574308
    }
  }
}