{
  "model": "RandomForest",
  "cv": [
    {
      "fold": 1,
      "accuracy": 0.8,
      "precision": 0.75,
      "recall": 0.75,
      "f1": 0.75,
      "roc_auc": 0.9166666666666667
    },
    {
      "fold": 2,
      "accuracy": 0.9,
      "precision": 1.0,
      "recall": 0.75,
      "f1": 0.8571428571428571,
      "roc_auc": 0.7708333333333333
    },
    {
      "fold": 3,
      "accuracy": 0.8,
      "precision": 0.75,
      "recall": 0.75,
      "f1": 0.75,
      "roc_auc": 0.7291666666666667
    },
    {
      "fold": 4,
      "accuracy": 0.9,
      "precision": 1.0,
      "recall": 0.75,
      "f1": 0.8571428571428571,
      "roc_auc": 1.0
    },
    {
      "fold": 5,
      "accuracy": 0.8888888888888888,
      "precision": 0.8,
      "recall": 1.0,
      "f1": 0.8888888888888888,
      "roc_auc": 0.825
    }
  ],
  "summary": {
    "accuracy": {
      "mean": 0.8577777777777778,
      "std": 0.05293835222031818
    },
    "precision": {
      "mean": 0.86,
      "std": 0.12942179105544785
    },
    "recall": {
      "mean": 0.8,
      "std": 0.11180339887498948
    },
    "f1": {
      "mean": 0.8206349206349206,
      "std": 0.065770143425326
    },
    "roc_auc": {
      "mean": 0.8483333333333334,
      "std": 0.11002682753664117
    }
  }
}