{
  "model": "SVM_RBF",
  "cv": [
    {
      "fold": 1,
      "accuracy": 0.7,
      "precision": 0.6666666666666666,
      "recall": 0.5,
      "f1": 0.5714285714285714,
      "roc_auc": 0.7916666666666667
    },
    {
      "fold": 2,
      "accuracy": 0.9,
      "precision": 1.0,
      "recall": 0.75,
      "f1": 0.8571428571428571,
      "roc_auc": 0.8333333333333334
    },
    {
      "fold": 3,
      "accuracy": 0.8,
      "precision": 0.75,
      "recall": 0.75,
      "f1": 0.75,
      "roc_auc": 0.8541666666666666
    },
    {
      "fold": 4,
      "accuracy": 0.7,
      "precision": 0.5714285714285714,
      "recall": 1.0,
      "f1": 0.7272727272727273,
      "roc_auc": 0.9583333333333334
    },
    {
      "fold": 5,
      "accuracy": 0.7777777777777778,
      "precision": 0.75,
      "recall": 0.75,
      "f1": 0.75,
      "roc_auc": 0.8500000000000001
    }
  ],
  "summary": {
    "accuracy": {
      "mean": 0.7755555555555557,
      "std": 0.08292492514242354
    },
    "precision": {
      "mean": 0.7476190476190476,
      "std": 0.15914133252810492
    },
    "recall": {
      "mean": 0.75,
      "std": 0.1767766952966369
    },
    "f1": {
      "mean": 0.7311688311688311,
      "std": 0.10260459452024481
    },
    "roc_auc": {
      "mean": 0.8574999999999999,
      "std": 0.061548309842305526
    }
  }
}