species,protein_id,gene_id,taxon_id,perc_identity,seq_len,label,source
pan paniscus,ENSPPAP00000011040,ENSPPAG00000028702,9597,100.0,393,close,ensembl_symbol
pan troglodytes,ENSPTRP00000014836,ENSPTRG00000008703,9598,100.0,393,close,ensembl_symbol
macaca fascicularis,ENSMFAP00000038526,ENSMFAG00000038506,9541,95.6743,393,close,ensembl_symbol
macaca mulatta,ENSMMUP00000011334,ENSMMUG00000008639,9544,86.836,433,close,ensembl_symbol
balaenoptera musculus,ENSBMSP00010020707,ENSBMSG00010015103,9771,86.8217,387,close,ensembl_symbol
equus asinus,ENSEASP00005028399,ENSEASG00005019310,9793,86.0892,381,close,ensembl_symbol
delphinapterus leucas,ENSDLEP00000029611,ENSDLEG00000021163,9749,84.0909,396,close,ensembl_symbol
canis lupus familiaris,ENSCAFP00845034138,ENSCAFG00845024647,9615,83.2021,381,close,ensembl_symbol
canis lupus dingo,ENSCAFP00020009510,ENSCAFG00020007703,286419,83.2021,381,close,ensembl_symbol
ursus americanus,ENSUAMP00000000913,ENSUAMG00000000730,9643,82.9396,381,close,ensembl_symbol
ursus maritimus,ENSUMAP00000023207,ENSUMAG00000016933,29073,82.6772,381,close,ensembl_symbol
panthera leo,ENSPLOP00000027743,ENSPLOG00000020277,9689,82.1244,386,close,ensembl_symbol
panthera pardus,ENSPPRP00000022844,ENSPPRG00000013238,9691,82.1244,386,close,ensembl_symbol
neovison vison,ENSNVIP00000005141,ENSNVIG00000004120,452646,82.058,379,close,ensembl_symbol
bos grunniens,ENSBGRP00000021669,ENSBGRG00000013504,30521,81.8653,386,close,ensembl_symbol
bos mutus,ENSBMUP00000028863,ENSBMUG00000021612,72004,81.8653,386,close,ensembl_symbol
gorilla gorilla,ENSGGOP00000030954,ENSGGOG00000009786,9595,81.6377,403,close,ensembl_symbol
sus scrofa,ENSSSCP00000050664,ENSSSCG00000017950,9823,80.0,395,close,ensembl_symbol
mus spicilegus,ENSMSIP00000031034,ENSMSIG00000025886,10103,78.3505,388,close,ensembl_symbol
rattus norvegicus,ENSRNOP00000074031,ENSRNOG00000010756,10116,78.2609,391,close,ensembl_symbol
nomascus leucogenys,ENSNLEP00000011861,ENSNLEG00000009730,61853,96.6759,361,distant,ensembl_symbol
rhinopithecus roxellana,ENSRROP00000026843,ENSRROG00000037163,61622,96.1832,393,distant,ensembl_symbol
rhinopithecus bieti,ENSRBIP00000028632,ENSRBIG00000038164,61621,96.1832,393,distant,ensembl_symbol
chlorocebus sabaeus,ENSCSAP00000007551,ENSCSAG00000011345,60711,95.9288,393,distant,ensembl_symbol
papio anubis,ENSPANP00000019643,ENSPANG00000024061,9555,95.6743,393,distant,ensembl_symbol
saimiri boliviensis boliviensis,ENSSBOP00000008181,ENSSBOG00000020983,39432,92.4157,356,distant,ensembl_symbol
pongo abelii,ENSPPYP00000045316,ENSPPYG00000007934,9601,91.866,418,distant,ensembl_symbol
carlito syrichta,ENSTSYP00000023752,ENSTSYG00000034279,1868482,90.4639,388,distant,ensembl_symbol
propithecus coquereli,ENSPCOP00000031758,ENSPCOG00000028656,379532,90.3896,385,distant,ensembl_symbol
cebus imitator,ENSCCAP00000029525,ENSCCAG00000032786,2715852,90.1266,395,distant,ensembl_symbol
cercocebus atys,ENSCATP00000032045,ENSCATG00000039093,9531,90.0498,402,distant,ensembl_symbol
mandrillus leucophaeus,ENSMLEP00000037099,ENSMLEG00000042592,9568,90.0498,402,distant,ensembl_symbol
microcebus murinus,ENSMICP00000039812,ENSMICG00000014853,30608,87.7922,385,distant,ensembl_symbol
physeter catodon,ENSPCTP00005020186,ENSPCTG00005014301,9755,87.0801,387,distant,ensembl_symbol
monodon monoceros,ENSMMNP00015021985,ENSMMNG00015016161,40151,87.0801,387,distant,ensembl_symbol
sciurus vulgaris,ENSSVLP00005019717,ENSSVLG00005015536,55149,86.9231,390,distant,ensembl_symbol
phocoena sinus,ENSPSNP00000013453,ENSPSNG00000009871,42100,86.8217,387,distant,ensembl_symbol
marmota marmota marmota,ENSMMMP00000022491,ENSMMMG00000019747,9994,86.7347,392,distant,ensembl_symbol
ictidomys tridecemlineatus,ENSSTOP00000019678,ENSSTOG00000022774,43179,86.7008,391,distant,ensembl_symbol
tursiops truncatus,ENSTTRP00000009721,ENSTTRG00000010250,9739,86.5633,387,distant,ensembl_symbol
camelus dromedarius,ENSCDRP00005013165,ENSCDRG00005009237,9838,86.3517,381,distant,ensembl_symbol
oryctolagus cuniculus,ENSOCUP00000000989,ENSOCUG00000001138,9986,86.1893,391,distant,ensembl_symbol
callithrix jacchus,ENSCJAP00000066800,ENSCJAG00000014978,9483,85.8586,396,distant,ensembl_symbol
urocitellus parryii,ENSUPAP00010019485,ENSUPAG00010015398,9999,85.7868,394,distant,ensembl_symbol
catagonus wagneri,ENSCWAP00000005800,ENSCWAG00000004451,51154,85.2332,386,distant,ensembl_symbol
nannospalax galili,ENSNGAP00000007306,ENSNGAG00000010608,1026970,84.9105,391,distant,ensembl_symbol
otolemur garnettii,ENSOGAP00000015106,ENSOGAG00000016871,30611,83.9695,393,distant,ensembl_symbol
rhinolophus ferrumequinum,ENSRFEP00010016808,ENSRFEG00010011010,59479,83.6842,380,distant,ensembl_symbol
jaculus jaculus,ENSJJAP00000008090,ENSJJAG00000012331,51337,83.3333,372,distant,ensembl_symbol
