species,taxon_id,pident,length,evalue,bitscore,coverage,qlen,slen,label
pan paniscus,9597,100.0,393,0.0,813,1.0,393,393,close
pan troglodytes,9598,100.0,393,0.0,813,1.0,393,393,close
gorilla gorilla,9595,98.476,328,0.0,670,0.8138957816377171,393,403,close
pongo abelii,9601,97.71,393,0.0,800,0.9401913875598086,393,418,distant
rhinopithecus roxellana,61622,96.183,393,0.0,785,1.0,393,393,distant
rhinopithecus bieti,61621,96.183,393,0.0,785,1.0,393,393,distant
chlorocebus sabaeus,60711,95.929,393,0.0,783,1.0,393,393,distant
macaca mulatta,9544,95.674,393,0.0,783,0.9076212471131639,393,433,close
macaca fascicularis,9541,95.674,393,0.0,782,1.0,393,393,close
papio anubis,9555,95.674,393,0.0,782,1.0,393,393,distant
cebus imitator,2715852,90.127,395,0.0,702,1.0,393,395,distant
mandrillus leucophaeus,9568,89.801,402,0.0,693,1.0,393,402,distant
cercocebus atys,9531,89.801,402,0.0,694,1.0,393,402,distant
nomascus leucogenys,61853,88.804,393,0.0,641,1.0,393,361,distant
propithecus coquereli,379532,88.041,393,0.0,662,1.0,393,385,distant
carlito syrichta,1868482,88.041,393,0.0,691,1.0,393,388,distant
marmota marmota marmota,9994,86.768,393,0.0,668,1.0,393,392,distant
ictidomys tridecemlineatus,43179,86.514,393,0.0,666,1.0,393,391,distant
sciurus vulgaris,55149,86.514,393,0.0,660,1.0,393,390,distant
urocitellus parryii,9999,86.26,393,0.0,665,0.9974619289340102,393,394,distant
microcebus murinus,30608,86.005,393,0.0,664,1.0,393,385,distant
oryctolagus cuniculus,9986,85.787,394,0.0,650,1.0025445292620865,393,391,distant
balaenoptera musculus,9771,85.279,394,0.0,646,1.0025445292620865,393,387,close
callithrix jacchus,9483,85.213,399,0.0,665,1.0075757575757576,393,396,distant
monodon monoceros,40151,84.772,394,0.0,632,1.0025445292620865,393,387,distant
physeter catodon,9755,84.772,394,0.0,647,1.0025445292620865,393,387,distant
phocoena sinus,42100,84.518,394,0.0,630,1.0025445292620865,393,387,distant
nannospalax galili,1026970,84.518,394,0.0,661,1.0025445292620865,393,391,distant
tursiops truncatus,9739,83.756,394,0.0,624,1.0025445292620865,393,387,distant
saimiri boliviensis boliviensis,39432,83.715,393,0.0,621,1.0,393,356,distant
otolemur garnettii,30611,83.333,396,0.0,641,1.0076335877862594,393,393,distant
catagonus wagneri,51154,83.038,395,0.0,620,1.005089058524173,393,386,distant
camelus dromedarius,9838,82.995,394,0.0,622,1.0025445292620865,393,381,distant
equus asinus,9793,82.487,394,0.0,612,1.0025445292620865,393,381,close
canis lupus familiaris,9615,80.711,394,0.0,607,1.0025445292620865,393,381,close
canis lupus dingo,286419,80.711,394,0.0,607,1.0025445292620865,393,381,close
delphinapterus leucas,9749,80.59,407,0.0,612,1.0277777777777777,393,396,close
bos grunniens,30521,80.457,394,0.0,596,1.0025445292620865,393,386,close
bos mutus,72004,80.457,394,0.0,596,1.0025445292620865,393,386,close
rhinolophus ferrumequinum,59479,80.203,394,0.0,607,1.0025445292620865,393,380,distant
panthera leo,9689,79.949,394,0.0,587,1.0025445292620865,393,386,close
panthera pardus,9691,79.949,394,0.0,587,1.0025445292620865,393,386,close
ursus americanus,9643,79.949,394,0.0,613,1.0025445292620865,393,381,close
ursus maritimus,29073,79.695,394,0.0,612,1.0025445292620865,393,381,close
jaculus jaculus,51337,78.372,393,0.0,572,1.0,393,372,distant
sus scrofa,9823,77.723,404,0.0,583,1.0227848101265822,393,395,close
neovison vison,452646,77.411,394,0.0,558,1.0025445292620865,393,379,close
mus spicilegus,10103,77.354,393,0.0,595,1.0,393,388,close
rattus norvegicus,10116,75.434,403,0.0,585,1.025445292620865,393,391,close
